acousticness,analysis_url,danceability,duration_ms,energy,id,instrumentalness,key,liveness,loudness,mode,speechiness,tempo,time_signature,track_href,type,uri,valence,label,origin
0.414,https://api.spotify.com/v1/audio-analysis/7BKLCZ1jbUBVqRi2FVlTVw,0.748,244960,0.524,7BKLCZ1jbUBVqRi2FVlTVw,0,8,0.111,-5.599,1,0.0338,95.01,4,https://api.spotify.com/v1/tracks/7BKLCZ1jbUBVqRi2FVlTVw,audio_features,spotify:track:7BKLCZ1jbUBVqRi2FVlTVw,0.635,0,Today's top songs
0.0373,https://api.spotify.com/v1/audio-analysis/1pKeFVVUOPjFsOABub0OaV,0.65,226160,0.728,1pKeFVVUOPjFsOABub0OaV,0,6,0.328,-5.914,0,0.232,159.167,4,https://api.spotify.com/v1/tracks/1pKeFVVUOPjFsOABub0OaV,audio_features,spotify:track:1pKeFVVUOPjFsOABub0OaV,0.624,0,Today's top songs
0.0771,https://api.spotify.com/v1/audio-analysis/0lYBSQXN6rCTvUZvg9S0lU,0.652,205947,0.713,0lYBSQXN6rCTvUZvg9S0lU,0.0000102,8,0.144,-5.311,1,0.0368,100.023,4,https://api.spotify.com/v1/tracks/0lYBSQXN6rCTvUZvg9S0lU,audio_features,spotify:track:0lYBSQXN6rCTvUZvg9S0lU,0.147,0,Today's top songs
0.39,https://api.spotify.com/v1/audio-analysis/4Ce37cRWvM1vIGGynKcs22,0.712,181880,0.62,4Ce37cRWvM1vIGGynKcs22,0,4,0.0994,-4.187,1,0.0888,99.953,4,https://api.spotify.com/v1/tracks/4Ce37cRWvM1vIGGynKcs22,audio_features,spotify:track:4Ce37cRWvM1vIGGynKcs22,0.519,0,Today's top songs
0.0294,https://api.spotify.com/v1/audio-analysis/0prNGof3XqfTvNDxHonvdK,0.591,230227,0.741,0prNGof3XqfTvNDxHonvdK,0,0,0.11,-5.751,1,0.139,97.048,4,https://api.spotify.com/v1/tracks/0prNGof3XqfTvNDxHonvdK,audio_features,spotify:track:0prNGof3XqfTvNDxHonvdK,0.439,0,Today's top songs
0.109,https://api.spotify.com/v1/audio-analysis/23L5CiUhw2jV1OIMwthR3S,0.501,195707,0.519,23L5CiUhw2jV1OIMwthR3S,0,4,0.454,-5.88,0,0.0409,133.99,4,https://api.spotify.com/v1/tracks/23L5CiUhw2jV1OIMwthR3S,audio_features,spotify:track:23L5CiUhw2jV1OIMwthR3S,0.157,0,Today's top songs
0.055,https://api.spotify.com/v1/audio-analysis/7zsXy7vlHdItvUSH8EwQss,0.602,185360,0.797,7zsXy7vlHdItvUSH8EwQss,0,6,0.187,-5.084,0,0.0534,92.928,4,https://api.spotify.com/v1/tracks/7zsXy7vlHdItvUSH8EwQss,audio_features,spotify:track:7zsXy7vlHdItvUSH8EwQss,0.487,0,Today's top songs
0.128,https://api.spotify.com/v1/audio-analysis/1mSlftOO1dlDRXAyOE0Sbd,0.448,187973,0.817,1mSlftOO1dlDRXAyOE0Sbd,0,10,0.105,-4.069,0,0.386,83.015,4,https://api.spotify.com/v1/tracks/1mSlftOO1dlDRXAyOE0Sbd,audio_features,spotify:track:1mSlftOO1dlDRXAyOE0Sbd,0.718,0,Today's top songs
0.0358,https://api.spotify.com/v1/audio-analysis/52qH79XktzCUPkN0dlRbUs,0.592,218480,0.655,52qH79XktzCUPkN0dlRbUs,0,1,0.199,-8.385,1,0.244,84.849,4,https://api.spotify.com/v1/tracks/52qH79XktzCUPkN0dlRbUs,audio_features,spotify:track:52qH79XktzCUPkN0dlRbUs,0.628,0,Today's top songs
0.0109,https://api.spotify.com/v1/audio-analysis/3XIIOCu6B8PuGq5j61asEM,0.666,210893,0.723,3XIIOCu6B8PuGq5j61asEM,0.00047,1,0.0507,-6.164,1,0.268,192.024,4,https://api.spotify.com/v1/tracks/3XIIOCu6B8PuGq5j61asEM,audio_features,spotify:track:3XIIOCu6B8PuGq5j61asEM,0.731,0,Today's top songs
0.0118,https://api.spotify.com/v1/audio-analysis/3cNjgVBKTJ1SvKhunrCdVy,0.513,210580,0.768,3cNjgVBKTJ1SvKhunrCdVy,0.0000194,4,0.294,-4.868,0,0.0587,84.264,4,https://api.spotify.com/v1/tracks/3cNjgVBKTJ1SvKhunrCdVy,audio_features,spotify:track:3cNjgVBKTJ1SvKhunrCdVy,0.235,0,Today's top songs
0.042,https://api.spotify.com/v1/audio-analysis/3GBlLqIYgB8zWaeWDNJzdh,0.681,237760,0.708,3GBlLqIYgB8zWaeWDNJzdh,0.14,5,0.682,-6.019,0,0.0304,92.993,4,https://api.spotify.com/v1/tracks/3GBlLqIYgB8zWaeWDNJzdh,audio_features,spotify:track:3GBlLqIYgB8zWaeWDNJzdh,0.359,0,Today's top songs
0.621,https://api.spotify.com/v1/audio-analysis/37FXw5QGFN7uwwsLy8uAc0,0.728,217707,0.563,37FXw5QGFN7uwwsLy8uAc0,0,1,0.179,-8.053,0,0.134,100.017,4,https://api.spotify.com/v1/tracks/37FXw5QGFN7uwwsLy8uAc0,audio_features,spotify:track:37FXw5QGFN7uwwsLy8uAc0,0.35,0,Today's top songs
0.375,https://api.spotify.com/v1/audio-analysis/1Te8WIfLudxjHTr66BL0JK,0.738,196613,0.812,1Te8WIfLudxjHTr66BL0JK,0,1,0.276,-5.29,1,0.0495,118.004,4,https://api.spotify.com/v1/tracks/1Te8WIfLudxjHTr66BL0JK,audio_features,spotify:track:1Te8WIfLudxjHTr66BL0JK,0.684,0,Today's top songs
0.562,https://api.spotify.com/v1/audio-analysis/4nMlau89VAjmV7agkl7OY3,0.822,198001,0.544,4nMlau89VAjmV7agkl7OY3,0.000024,0,0.144,-6.797,1,0.0332,122.047,4,https://api.spotify.com/v1/tracks/4nMlau89VAjmV7agkl7OY3,audio_features,spotify:track:4nMlau89VAjmV7agkl7OY3,0.865,0,Today's top songs
0.0841,https://api.spotify.com/v1/audio-analysis/6i0V12jOa3mr6uu4WYhUBr,0.732,195920,0.396,6i0V12jOa3mr6uu4WYhUBr,0.0000358,4,0.105,-9.348,0,0.0286,90.024,4,https://api.spotify.com/v1/tracks/6i0V12jOa3mr6uu4WYhUBr,audio_features,spotify:track:6i0V12jOa3mr6uu4WYhUBr,0.547,0,Today's top songs
0.014,https://api.spotify.com/v1/audio-analysis/4qqArAiTPueDxIp7cf87h7,0.695,235827,0.672,4qqArAiTPueDxIp7cf87h7,0.0000844,1,0.0756,-6.109,0,0.0345,104.988,4,https://api.spotify.com/v1/tracks/4qqArAiTPueDxIp7cf87h7,audio_features,spotify:track:4qqArAiTPueDxIp7cf87h7,0.272,0,Today's top songs
0.123,https://api.spotify.com/v1/audio-analysis/5GQBDz6S6KuurT5GXFtfiV,0.749,171789,0.198,5GQBDz6S6KuurT5GXFtfiV,0.000451,5,0.0866,-11.747,1,0.323,95.084,4,https://api.spotify.com/v1/tracks/5GQBDz6S6KuurT5GXFtfiV,audio_features,spotify:track:5GQBDz6S6KuurT5GXFtfiV,0.366,0,Today's top songs
0.131,https://api.spotify.com/v1/audio-analysis/1oHCgpheYhmhQbhCmbhpWn,0.409,208733,0.686,1oHCgpheYhmhQbhCmbhpWn,0,11,0.11,-4.893,0,0.177,147.929,4,https://api.spotify.com/v1/tracks/1oHCgpheYhmhQbhCmbhpWn,audio_features,spotify:track:1oHCgpheYhmhQbhCmbhpWn,0.367,0,Today's top songs
0.157,https://api.spotify.com/v1/audio-analysis/1i1fxkWeaMmKEB4T7zqbzK,0.532,208373,0.869,1i1fxkWeaMmKEB4T7zqbzK,0.00508,11,0.136,-5.094,1,0.172,159.803,4,https://api.spotify.com/v1/tracks/1i1fxkWeaMmKEB4T7zqbzK,audio_features,spotify:track:1i1fxkWeaMmKEB4T7zqbzK,0.419,0,Today's top songs
0.0992,https://api.spotify.com/v1/audio-analysis/72xvRETEsd5hS1RfduciRi,0.681,162425,0.774,72xvRETEsd5hS1RfduciRi,0,1,0.35,-3.167,0,0.0787,102.924,4,https://api.spotify.com/v1/tracks/72xvRETEsd5hS1RfduciRi,audio_features,spotify:track:72xvRETEsd5hS1RfduciRi,0.289,0,Today's top songs
0.0747,https://api.spotify.com/v1/audio-analysis/3EVBx6WnnMj0qGpcPHjECA,0.671,208729,0.609,3EVBx6WnnMj0qGpcPHjECA,0,7,0.0958,-5.02,0,0.0508,120.054,4,https://api.spotify.com/v1/tracks/3EVBx6WnnMj0qGpcPHjECA,audio_features,spotify:track:3EVBx6WnnMj0qGpcPHjECA,0.38,0,Today's top songs
0.0812,https://api.spotify.com/v1/audio-analysis/0OwX5aROoW1Iip8FV51Efg,0.756,205593,0.589,0OwX5aROoW1Iip8FV51Efg,0,0,0.176,-5.093,1,0.232,146.928,4,https://api.spotify.com/v1/tracks/0OwX5aROoW1Iip8FV51Efg,audio_features,spotify:track:0OwX5aROoW1Iip8FV51Efg,0.817,0,Today's top songs
0.0935,https://api.spotify.com/v1/audio-analysis/1vvNmPOiUuyCbgWmtc6yfm,0.819,219160,0.913,1vvNmPOiUuyCbgWmtc6yfm,0.0000372,4,0.161,-3.059,0,0.0427,119.989,4,https://api.spotify.com/v1/tracks/1vvNmPOiUuyCbgWmtc6yfm,audio_features,spotify:track:1vvNmPOiUuyCbgWmtc6yfm,0.523,0,Today's top songs
0.0225,https://api.spotify.com/v1/audio-analysis/2CPqh63wRVscbceKcPxwvv,0.632,183414,0.575,2CPqh63wRVscbceKcPxwvv,0.00000181,5,0.104,-6.478,1,0.029,90.037,4,https://api.spotify.com/v1/tracks/2CPqh63wRVscbceKcPxwvv,audio_features,spotify:track:2CPqh63wRVscbceKcPxwvv,0.229,0,Today's top songs
0.0606,https://api.spotify.com/v1/audio-analysis/7fJtPlEZKxu6gvkfBFc5tW,0.804,263373,0.65,7fJtPlEZKxu6gvkfBFc5tW,0.0000705,7,0.102,-7.79,1,0.118,117.984,4,https://api.spotify.com/v1/tracks/7fJtPlEZKxu6gvkfBFc5tW,audio_features,spotify:track:7fJtPlEZKxu6gvkfBFc5tW,0.391,0,Today's top songs
0.0153,https://api.spotify.com/v1/audio-analysis/2meEiZKWkiN28gITzFwQo5,0.636,244453,0.728,2meEiZKWkiN28gITzFwQo5,0.00000146,9,0.154,-5.871,1,0.0999,107.986,4,https://api.spotify.com/v1/tracks/2meEiZKWkiN28gITzFwQo5,audio_features,spotify:track:2meEiZKWkiN28gITzFwQo5,0.384,0,Today's top songs
0.461,https://api.spotify.com/v1/audio-analysis/0ckCyt1ghA2YpcLRm1q68s,0.764,212027,0.631,0ckCyt1ghA2YpcLRm1q68s,0,0,0.0413,-3.814,0,0.0251,102.074,4,https://api.spotify.com/v1/tracks/0ckCyt1ghA2YpcLRm1q68s,audio_features,spotify:track:0ckCyt1ghA2YpcLRm1q68s,0.769,0,Today's top songs
0.0668,https://api.spotify.com/v1/audio-analysis/217xrcrbBtgJhvlHicxTSH,0.598,262521,0.532,217xrcrbBtgJhvlHicxTSH,0.00000322,3,0.0617,-6.833,0,0.0295,74.963,4,https://api.spotify.com/v1/tracks/217xrcrbBtgJhvlHicxTSH,audio_features,spotify:track:217xrcrbBtgJhvlHicxTSH,0.275,0,Today's top songs
0.169,https://api.spotify.com/v1/audio-analysis/2IY7eOUDjw2ArKYxKa2jXc,0.682,230467,0.592,2IY7eOUDjw2ArKYxKa2jXc,0.00000549,7,0.136,-7.033,1,0.281,186.041,4,https://api.spotify.com/v1/tracks/2IY7eOUDjw2ArKYxKa2jXc,audio_features,spotify:track:2IY7eOUDjw2ArKYxKa2jXc,0.477,0,Today's top songs
0.00589,https://api.spotify.com/v1/audio-analysis/7xrA11O07xo57Bbg6p4hck,0.63,193893,0.74,7xrA11O07xo57Bbg6p4hck,0.00000153,5,0.248,-4.786,0,0.0381,87.01,4,https://api.spotify.com/v1/tracks/7xrA11O07xo57Bbg6p4hck,audio_features,spotify:track:7xrA11O07xo57Bbg6p4hck,0.274,0,Today's top songs
0.00868,https://api.spotify.com/v1/audio-analysis/6s3GEN8wK0OMzzzZbXj0fu,0.565,212647,0.849,6s3GEN8wK0OMzzzZbXj0fu,0.00000468,0,0.12,-3.516,0,0.0517,102.034,4,https://api.spotify.com/v1/tracks/6s3GEN8wK0OMzzzZbXj0fu,audio_features,spotify:track:6s3GEN8wK0OMzzzZbXj0fu,0.43,0,Today's top songs
0.351,https://api.spotify.com/v1/audio-analysis/6vJ0Fezf6Etha2C4H21FKO,0.667,197816,0.72,6vJ0Fezf6Etha2C4H21FKO,0.00000426,9,0.138,-7.026,0,0.11,101.964,4,https://api.spotify.com/v1/tracks/6vJ0Fezf6Etha2C4H21FKO,audio_features,spotify:track:6vJ0Fezf6Etha2C4H21FKO,0.249,0,Today's top songs
0.687,https://api.spotify.com/v1/audio-analysis/7vRriwrloYVaoAe3a9wJHe,0.492,251034,0.275,7vRriwrloYVaoAe3a9wJHe,0,6,0.101,-13.4,0,0.3,92.6,4,https://api.spotify.com/v1/tracks/7vRriwrloYVaoAe3a9wJHe,audio_features,spotify:track:7vRriwrloYVaoAe3a9wJHe,0.18,0,Today's top songs
0.023,https://api.spotify.com/v1/audio-analysis/7nD9nN3jord9wWcfW3Gkcm,0.689,210573,0.791,7nD9nN3jord9wWcfW3Gkcm,0,0,0.0526,-5.194,0,0.053,95.04,4,https://api.spotify.com/v1/tracks/7nD9nN3jord9wWcfW3Gkcm,audio_features,spotify:track:7nD9nN3jord9wWcfW3Gkcm,0.772,0,Today's top songs
0.00778,https://api.spotify.com/v1/audio-analysis/4nA0biSjtvOL41Hd9MBXqR,0.576,224031,0.782,4nA0biSjtvOL41Hd9MBXqR,0,6,0.285,-4.825,0,0.0296,141.153,4,https://api.spotify.com/v1/tracks/4nA0biSjtvOL41Hd9MBXqR,audio_features,spotify:track:4nA0biSjtvOL41Hd9MBXqR,0.353,0,Today's top songs
0.00902,https://api.spotify.com/v1/audio-analysis/12VWzyPDBCc8fqeWCAfNwR,0.785,173987,0.617,12VWzyPDBCc8fqeWCAfNwR,0.00246,1,0.351,-5.871,1,0.0522,103.981,4,https://api.spotify.com/v1/tracks/12VWzyPDBCc8fqeWCAfNwR,audio_features,spotify:track:12VWzyPDBCc8fqeWCAfNwR,0.378,0,Today's top songs
0.199,https://api.spotify.com/v1/audio-analysis/0azC730Exh71aQlOt9Zj3y,0.63,222160,0.928,0azC730Exh71aQlOt9Zj3y,0.124,9,0.148,-2.787,0,0.0331,123.963,4,https://api.spotify.com/v1/tracks/0azC730Exh71aQlOt9Zj3y,audio_features,spotify:track:0azC730Exh71aQlOt9Zj3y,0.46,0,Today's top songs
0.615,https://api.spotify.com/v1/audio-analysis/6WhzFzROw3aq3rPWjgYlxr,0.6,225882,0.412,6WhzFzROw3aq3rPWjgYlxr,0.0025,8,0.134,-9.343,1,0.344,113.049,5,https://api.spotify.com/v1/tracks/6WhzFzROw3aq3rPWjgYlxr,audio_features,spotify:track:6WhzFzROw3aq3rPWjgYlxr,0.409,0,Today's top songs
0.00758,https://api.spotify.com/v1/audio-analysis/6cREm4bV7V79Yxdilx9HDo,0.786,215160,0.687,6cREm4bV7V79Yxdilx9HDo,0,0,0.62,-5.914,1,0.141,105.021,4,https://api.spotify.com/v1/tracks/6cREm4bV7V79Yxdilx9HDo,audio_features,spotify:track:6cREm4bV7V79Yxdilx9HDo,0.35,0,Today's top songs
0.0129,https://api.spotify.com/v1/audio-analysis/16Ah4QqH4mgYVXqfC4mdSd,0.487,228640,0.532,16Ah4QqH4mgYVXqfC4mdSd,0,11,0.123,-8.129,0,0.245,138.13,3,https://api.spotify.com/v1/tracks/16Ah4QqH4mgYVXqfC4mdSd,audio_features,spotify:track:16Ah4QqH4mgYVXqfC4mdSd,0.247,0,Today's top songs
0.00163,https://api.spotify.com/v1/audio-analysis/66dMATdBD3yBL8RjoGVuxf,0.615,181507,0.854,66dMATdBD3yBL8RjoGVuxf,0,1,0.358,-5.478,0,0.0388,124.992,4,https://api.spotify.com/v1/tracks/66dMATdBD3yBL8RjoGVuxf,audio_features,spotify:track:66dMATdBD3yBL8RjoGVuxf,0.672,0,Today's top songs
0.00835,https://api.spotify.com/v1/audio-analysis/2Z8WuEywRWYTKe1NybPQEW,0.645,214507,0.713,2Z8WuEywRWYTKe1NybPQEW,0,6,0.113,-5.355,1,0.0393,74.989,4,https://api.spotify.com/v1/tracks/2Z8WuEywRWYTKe1NybPQEW,audio_features,spotify:track:2Z8WuEywRWYTKe1NybPQEW,0.58,0,Today's top songs
0.107,https://api.spotify.com/v1/audio-analysis/1Tt4sE4pXi57mTD1GCzsqm,0.688,191600,0.325,1Tt4sE4pXi57mTD1GCzsqm,0,5,0.0837,-8.083,0,0.251,110.888,4,https://api.spotify.com/v1/tracks/1Tt4sE4pXi57mTD1GCzsqm,audio_features,spotify:track:1Tt4sE4pXi57mTD1GCzsqm,0.274,0,Today's top songs
0.105,https://api.spotify.com/v1/audio-analysis/0KdwmtG44yIDpyie4b0jCn,0.553,170213,0.703,0KdwmtG44yIDpyie4b0jCn,0,10,0.21,-6.414,0,0.0439,100.006,4,https://api.spotify.com/v1/tracks/0KdwmtG44yIDpyie4b0jCn,audio_features,spotify:track:0KdwmtG44yIDpyie4b0jCn,0.319,0,Today's top songs
0.12,https://api.spotify.com/v1/audio-analysis/1sSNWjLtY4GwyhqAwAnPD9,0.659,200717,0.767,1sSNWjLtY4GwyhqAwAnPD9,0,2,0.181,-3.016,1,0.261,181.818,4,https://api.spotify.com/v1/tracks/1sSNWjLtY4GwyhqAwAnPD9,audio_features,spotify:track:1sSNWjLtY4GwyhqAwAnPD9,0.56,0,Today's top songs
0.446,https://api.spotify.com/v1/audio-analysis/6y0igZArWVi6Iz0rj35c1Y,0.54,234910,0.59,6y0igZArWVi6Iz0rj35c1Y,0,0,0.14,-4.359,1,0.0528,119.878,4,https://api.spotify.com/v1/tracks/6y0igZArWVi6Iz0rj35c1Y,audio_features,spotify:track:6y0igZArWVi6Iz0rj35c1Y,0.254,0,Today's top songs
0.0447,https://api.spotify.com/v1/audio-analysis/5ArQzSBevAdXTxRY6Ulhbq,0.712,206903,0.799,5ArQzSBevAdXTxRY6Ulhbq,0.000064,7,0.37,-4.564,0,0.0703,83.996,4,https://api.spotify.com/v1/tracks/5ArQzSBevAdXTxRY6Ulhbq,audio_features,spotify:track:5ArQzSBevAdXTxRY6Ulhbq,0.6,0,Today's top songs
0.583,https://api.spotify.com/v1/audio-analysis/3odrUVQ9tvRpkC9II2oWzx,0.43,240867,0.53,3odrUVQ9tvRpkC9II2oWzx,0,1,0.102,-7.941,1,0.0447,96.14,4,https://api.spotify.com/v1/tracks/3odrUVQ9tvRpkC9II2oWzx,audio_features,spotify:track:3odrUVQ9tvRpkC9II2oWzx,0.166,0,Today's top songs
0.0865,https://api.spotify.com/v1/audio-analysis/3YlrH4ydAKkxuej6F4Nnkl,0.786,195561,0.69,3YlrH4ydAKkxuej6F4Nnkl,0.0000903,3,0.238,-4.665,1,0.04,122.006,4,https://api.spotify.com/v1/tracks/3YlrH4ydAKkxuej6F4Nnkl,audio_features,spotify:track:3YlrH4ydAKkxuej6F4Nnkl,0.477,0,Today's top songs
0.53,https://api.spotify.com/v1/audio-analysis/2ASTvmXzBjMnnci41NOALF,0.711,166900,0.63,2ASTvmXzBjMnnci41NOALF,0.00287,1,0.17,-6.933,0,0.11,116.052,4,https://api.spotify.com/v1/tracks/2ASTvmXzBjMnnci41NOALF,audio_features,spotify:track:2ASTvmXzBjMnnci41NOALF,0.652,1,My_Songs
0.532,https://api.spotify.com/v1/audio-analysis/71lyUtIPCMAYjTwwwxy2jW,0.667,232571,0.523,71lyUtIPCMAYjTwwwxy2jW,0.0000212,10,0.137,-9.477,0,0.329,143.934,4,https://api.spotify.com/v1/tracks/71lyUtIPCMAYjTwwwxy2jW,audio_features,spotify:track:71lyUtIPCMAYjTwwwxy2jW,0.414,1,My_Songs
0.196,https://api.spotify.com/v1/audio-analysis/2WzpOMkCaakq1T3luPCjLH,0.733,275840,0.412,2WzpOMkCaakq1T3luPCjLH,0,11,0.342,-8.687,0,0.225,114.413,4,https://api.spotify.com/v1/tracks/2WzpOMkCaakq1T3luPCjLH,audio_features,spotify:track:2WzpOMkCaakq1T3luPCjLH,0.182,1,My_Songs
0.0864,https://api.spotify.com/v1/audio-analysis/3LySNPf6PRGhOVWJdZutow,0.516,297520,0.874,3LySNPf6PRGhOVWJdZutow,0,9,0.173,-2.571,1,0.186,169.561,3,https://api.spotify.com/v1/tracks/3LySNPf6PRGhOVWJdZutow,audio_features,spotify:track:3LySNPf6PRGhOVWJdZutow,0.386,1,My_Songs
0.42,https://api.spotify.com/v1/audio-analysis/32SJhirSMfHRT78xqGmYwY,0.664,232629,0.61,32SJhirSMfHRT78xqGmYwY,0.0151,8,0.101,-8.082,1,0.236,80,4,https://api.spotify.com/v1/tracks/32SJhirSMfHRT78xqGmYwY,audio_features,spotify:track:32SJhirSMfHRT78xqGmYwY,0.458,1,My_Songs
0.0491,https://api.spotify.com/v1/audio-analysis/2Qja7HkLoNC3fMBG1CQWVw,0.703,194147,0.464,2Qja7HkLoNC3fMBG1CQWVw,0,6,0.146,-5.977,0,0.118,95.012,4,https://api.spotify.com/v1/tracks/2Qja7HkLoNC3fMBG1CQWVw,audio_features,spotify:track:2Qja7HkLoNC3fMBG1CQWVw,0.689,1,My_Songs
0.0702,https://api.spotify.com/v1/audio-analysis/64q1sQMXIKvMk5sNdmklqa,0.685,341068,0.579,64q1sQMXIKvMk5sNdmklqa,0.0452,4,0.0539,-10.39,0,0.0498,79.973,4,https://api.spotify.com/v1/tracks/64q1sQMXIKvMk5sNdmklqa,audio_features,spotify:track:64q1sQMXIKvMk5sNdmklqa,0.57,1,My_Songs
0.0022,https://api.spotify.com/v1/audio-analysis/1xrr9bAS0zfjCXdLKpLJnA,0.492,365080,0.773,1xrr9bAS0zfjCXdLKpLJnA,0.835,2,0.305,-5.845,0,0.0369,123.974,4,https://api.spotify.com/v1/tracks/1xrr9bAS0zfjCXdLKpLJnA,audio_features,spotify:track:1xrr9bAS0zfjCXdLKpLJnA,0.202,1,My_Songs
0.143,https://api.spotify.com/v1/audio-analysis/1am0gSGKXVCUCg0t5bsYLZ,0.666,210027,0.847,1am0gSGKXVCUCg0t5bsYLZ,0,8,0.19,-5.614,1,0.24,96.05,4,https://api.spotify.com/v1/tracks/1am0gSGKXVCUCg0t5bsYLZ,audio_features,spotify:track:1am0gSGKXVCUCg0t5bsYLZ,0.926,1,My_Songs
0.173,https://api.spotify.com/v1/audio-analysis/2yMR0hZZk0oBw2XBvhQTSF,0.919,303572,0.44,2yMR0hZZk0oBw2XBvhQTSF,0.00392,1,0.0681,-11.588,1,0.0689,114.972,4,https://api.spotify.com/v1/tracks/2yMR0hZZk0oBw2XBvhQTSF,audio_features,spotify:track:2yMR0hZZk0oBw2XBvhQTSF,0.371,1,My_Songs
0.561,https://api.spotify.com/v1/audio-analysis/52L4He4VV8DO5Vs6s8y5lD,0.751,260937,0.677,52L4He4VV8DO5Vs6s8y5lD,0,9,0.715,-8.216,0,0.684,137.566,4,https://api.spotify.com/v1/tracks/52L4He4VV8DO5Vs6s8y5lD,audio_features,spotify:track:52L4He4VV8DO5Vs6s8y5lD,0.76,1,My_Songs
0.301,https://api.spotify.com/v1/audio-analysis/4WbuxeFGI9BNzqgD1jy0md,0.634,82947,0.823,4WbuxeFGI9BNzqgD1jy0md,0,5,0.37,-5.089,1,0.198,92.031,4,https://api.spotify.com/v1/tracks/4WbuxeFGI9BNzqgD1jy0md,audio_features,spotify:track:4WbuxeFGI9BNzqgD1jy0md,0.654,1,My_Songs
0.838,https://api.spotify.com/v1/audio-analysis/70LaVp8UrF7j8WynSPuyxq,0.789,254698,0.374,70LaVp8UrF7j8WynSPuyxq,0.861,6,0.0548,-9.576,1,0.333,88.011,4,https://api.spotify.com/v1/tracks/70LaVp8UrF7j8WynSPuyxq,audio_features,spotify:track:70LaVp8UrF7j8WynSPuyxq,0.318,1,My_Songs
0.249,https://api.spotify.com/v1/audio-analysis/535JWcDFO5SR32IbTtqhpU,0.791,197324,0.678,535JWcDFO5SR32IbTtqhpU,0,7,0.156,-6.696,1,0.0903,96.006,4,https://api.spotify.com/v1/tracks/535JWcDFO5SR32IbTtqhpU,audio_features,spotify:track:535JWcDFO5SR32IbTtqhpU,0.754,1,My_Songs
0.67,https://api.spotify.com/v1/audio-analysis/4aAEwfAqQia3NMljL2lI8D,0.74,173760,0.752,4aAEwfAqQia3NMljL2lI8D,0.112,0,0.193,-5.767,1,0.0277,123.989,4,https://api.spotify.com/v1/tracks/4aAEwfAqQia3NMljL2lI8D,audio_features,spotify:track:4aAEwfAqQia3NMljL2lI8D,0.513,1,My_Songs
0.0478,https://api.spotify.com/v1/audio-analysis/1MKby5YtElBHhtdari00t8,0.607,212500,0.553,1MKby5YtElBHhtdari00t8,0.000248,5,0.112,-5.112,0,0.0618,84.877,4,https://api.spotify.com/v1/tracks/1MKby5YtElBHhtdari00t8,audio_features,spotify:track:1MKby5YtElBHhtdari00t8,0.414,1,My_Songs
0.446,https://api.spotify.com/v1/audio-analysis/5ETV0l7ixfHtSLMd5Pzs8l,0.814,214000,0.397,5ETV0l7ixfHtSLMd5Pzs8l,0.00000132,0,0.102,-9.38,1,0.353,92.139,4,https://api.spotify.com/v1/tracks/5ETV0l7ixfHtSLMd5Pzs8l,audio_features,spotify:track:5ETV0l7ixfHtSLMd5Pzs8l,0.719,1,My_Songs
0.316,https://api.spotify.com/v1/audio-analysis/4zue49ajFgZYg8S0iD4zno,0.536,201003,0.712,4zue49ajFgZYg8S0iD4zno,0,9,0.462,-5.284,0,0.237,71.902,4,https://api.spotify.com/v1/tracks/4zue49ajFgZYg8S0iD4zno,audio_features,spotify:track:4zue49ajFgZYg8S0iD4zno,0.361,1,My_Songs
0.754,https://api.spotify.com/v1/audio-analysis/2xRTlnCsKHtnCahchPso2L,0.713,314400,0.331,2xRTlnCsKHtnCahchPso2L,0.901,10,0.0968,-14.662,0,0.055,77.016,4,https://api.spotify.com/v1/tracks/2xRTlnCsKHtnCahchPso2L,audio_features,spotify:track:2xRTlnCsKHtnCahchPso2L,0.446,1,My_Songs
0.393,https://api.spotify.com/v1/audio-analysis/5OG9RaTkIPhbE1nKy5oi72,0.736,171259,0.821,5OG9RaTkIPhbE1nKy5oi72,0.0000264,6,0.117,-7.242,0,0.394,150.137,4,https://api.spotify.com/v1/tracks/5OG9RaTkIPhbE1nKy5oi72,audio_features,spotify:track:5OG9RaTkIPhbE1nKy5oi72,0.312,1,My_Songs
0.113,https://api.spotify.com/v1/audio-analysis/1Wl5KmQkvQWBoqiqt52umE,0.794,332547,0.745,1Wl5KmQkvQWBoqiqt52umE,0,0,0.254,-6.355,0,0.351,81.263,4,https://api.spotify.com/v1/tracks/1Wl5KmQkvQWBoqiqt52umE,audio_features,spotify:track:1Wl5KmQkvQWBoqiqt52umE,0.723,1,My_Songs
0.00176,https://api.spotify.com/v1/audio-analysis/7j9W1WL0D8FxBIcKKnDXMo,0.741,331986,0.592,7j9W1WL0D8FxBIcKKnDXMo,0.0000378,1,0.149,-10.522,1,0.15,88.993,4,https://api.spotify.com/v1/tracks/7j9W1WL0D8FxBIcKKnDXMo,audio_features,spotify:track:7j9W1WL0D8FxBIcKKnDXMo,0.769,1,My_Songs
0.0668,https://api.spotify.com/v1/audio-analysis/20DTX6unzZbovCpiLiyWH9,0.631,232160,0.733,20DTX6unzZbovCpiLiyWH9,0,10,0.716,-6.757,0,0.408,92.191,4,https://api.spotify.com/v1/tracks/20DTX6unzZbovCpiLiyWH9,audio_features,spotify:track:20DTX6unzZbovCpiLiyWH9,0.624,1,My_Songs
0.00826,https://api.spotify.com/v1/audio-analysis/7L7KnCltNM8yXWs3ozuUY1,0.836,305350,0.67,7L7KnCltNM8yXWs3ozuUY1,0.000355,5,0.0837,-6.907,0,0.23,107.018,4,https://api.spotify.com/v1/tracks/7L7KnCltNM8yXWs3ozuUY1,audio_features,spotify:track:7L7KnCltNM8yXWs3ozuUY1,0.558,1,My_Songs
0.548,https://api.spotify.com/v1/audio-analysis/3l3EVW9PjLI4Mt8WLfeJwC,0.706,206148,0.707,3l3EVW9PjLI4Mt8WLfeJwC,0.000313,0,0.1,-5.212,0,0.0351,144.877,4,https://api.spotify.com/v1/tracks/3l3EVW9PjLI4Mt8WLfeJwC,audio_features,spotify:track:3l3EVW9PjLI4Mt8WLfeJwC,0.246,1,My_Songs
0.00669,https://api.spotify.com/v1/audio-analysis/3YXlTtlYDXI2SyofNm1ccg,0.712,261600,0.908,3YXlTtlYDXI2SyofNm1ccg,0.0373,4,0.0938,-6.898,1,0.146,105.893,4,https://api.spotify.com/v1/tracks/3YXlTtlYDXI2SyofNm1ccg,audio_features,spotify:track:3YXlTtlYDXI2SyofNm1ccg,0.783,1,My_Songs
0.0175,https://api.spotify.com/v1/audio-analysis/6JI5wNWYdBw68GZjOMmgK5,0.711,217627,0.62,6JI5wNWYdBw68GZjOMmgK5,0,11,0.134,-10.174,0,0.212,179.817,4,https://api.spotify.com/v1/tracks/6JI5wNWYdBw68GZjOMmgK5,audio_features,spotify:track:6JI5wNWYdBw68GZjOMmgK5,0.814,1,My_Songs
0.00196,https://api.spotify.com/v1/audio-analysis/4ehDPrP91PbSVNyYcETZ95,0.518,264000,0.516,4ehDPrP91PbSVNyYcETZ95,0.348,2,0.0858,-8.917,1,0.0377,139.932,4,https://api.spotify.com/v1/tracks/4ehDPrP91PbSVNyYcETZ95,audio_features,spotify:track:4ehDPrP91PbSVNyYcETZ95,0.0741,1,My_Songs
0.339,https://api.spotify.com/v1/audio-analysis/6EZWwoSA0gaOM2Y9SVm6Gu,0.694,197400,0.68,6EZWwoSA0gaOM2Y9SVm6Gu,0.0136,1,0.691,-8.395,1,0.0323,116.984,4,https://api.spotify.com/v1/tracks/6EZWwoSA0gaOM2Y9SVm6Gu,audio_features,spotify:track:6EZWwoSA0gaOM2Y9SVm6Gu,0.368,1,My_Songs
0.214,https://api.spotify.com/v1/audio-analysis/2N2QYANz84q0gQrWp4QTg8,0.732,291573,0.76,2N2QYANz84q0gQrWp4QTg8,0.00112,4,0.389,-6.82,0,0.0922,108.993,4,https://api.spotify.com/v1/tracks/2N2QYANz84q0gQrWp4QTg8,audio_features,spotify:track:2N2QYANz84q0gQrWp4QTg8,0.323,1,My_Songs
0.417,https://api.spotify.com/v1/audio-analysis/39CyGKIFqMzSuynOR8uilD,0.638,278867,0.28,39CyGKIFqMzSuynOR8uilD,0.439,9,0.0611,-16.516,1,0.0673,154.955,4,https://api.spotify.com/v1/tracks/39CyGKIFqMzSuynOR8uilD,audio_features,spotify:track:39CyGKIFqMzSuynOR8uilD,0.731,1,My_Songs
0.0247,https://api.spotify.com/v1/audio-analysis/0EM0yABJzbFOvZQkfvuvCy,0.825,197240,0.694,0EM0yABJzbFOvZQkfvuvCy,0.0124,1,0.356,-7.604,1,0.177,112.017,4,https://api.spotify.com/v1/tracks/0EM0yABJzbFOvZQkfvuvCy,audio_features,spotify:track:0EM0yABJzbFOvZQkfvuvCy,0.801,1,My_Songs
0.00406,https://api.spotify.com/v1/audio-analysis/1Yq3OS2cCfbA8koH9EN4Rb,0.616,207608,0.513,1Yq3OS2cCfbA8koH9EN4Rb,0.855,7,0.144,-8.65,1,0.0334,80.024,4,https://api.spotify.com/v1/tracks/1Yq3OS2cCfbA8koH9EN4Rb,audio_features,spotify:track:1Yq3OS2cCfbA8koH9EN4Rb,0.185,1,My_Songs
0.742,https://api.spotify.com/v1/audio-analysis/0oZ3DkfMq91n7yrrBwqeme,0.797,195692,0.593,0oZ3DkfMq91n7yrrBwqeme,0.000094,1,0.119,-9.497,1,0.0671,129.997,4,https://api.spotify.com/v1/tracks/0oZ3DkfMq91n7yrrBwqeme,audio_features,spotify:track:0oZ3DkfMq91n7yrrBwqeme,0.168,1,My_Songs
0.036,https://api.spotify.com/v1/audio-analysis/33pDmPx2pkJ7JCAQpRDQ9B,0.681,298027,0.621,33pDmPx2pkJ7JCAQpRDQ9B,0.00555,1,0.138,-10.024,1,0.34,135.538,4,https://api.spotify.com/v1/tracks/33pDmPx2pkJ7JCAQpRDQ9B,audio_features,spotify:track:33pDmPx2pkJ7JCAQpRDQ9B,0.418,1,My_Songs
0.0475,https://api.spotify.com/v1/audio-analysis/2qUZliZ9NHUYIAZqRNe6pZ,0.606,228147,0.503,2qUZliZ9NHUYIAZqRNe6pZ,0,7,0.116,-6.678,0,0.155,80.04,4,https://api.spotify.com/v1/tracks/2qUZliZ9NHUYIAZqRNe6pZ,audio_features,spotify:track:2qUZliZ9NHUYIAZqRNe6pZ,0.325,1,My_Songs
0.156,https://api.spotify.com/v1/audio-analysis/5ncaItaEFFC9ZBMb5jSC2b,0.819,214154,0.671,5ncaItaEFFC9ZBMb5jSC2b,0.000136,5,0.2,-6.947,0,0.393,129.921,4,https://api.spotify.com/v1/tracks/5ncaItaEFFC9ZBMb5jSC2b,audio_features,spotify:track:5ncaItaEFFC9ZBMb5jSC2b,0.555,1,My_Songs
0.513,https://api.spotify.com/v1/audio-analysis/0SoXYVY7NYfacA2E1fOZaF,0.832,152390,0.439,0SoXYVY7NYfacA2E1fOZaF,0.0195,9,0.119,-10.979,0,0.0715,97.996,4,https://api.spotify.com/v1/tracks/0SoXYVY7NYfacA2E1fOZaF,audio_features,spotify:track:0SoXYVY7NYfacA2E1fOZaF,0.659,1,My_Songs
0.212,https://api.spotify.com/v1/audio-analysis/5QrT8pNtw1UnjqFuSUsenv,0.921,215373,0.373,5QrT8pNtw1UnjqFuSUsenv,0,6,0.105,-11.513,1,0.328,125.981,4,https://api.spotify.com/v1/tracks/5QrT8pNtw1UnjqFuSUsenv,audio_features,spotify:track:5QrT8pNtw1UnjqFuSUsenv,0.18,1,My_Songs
0.0239,https://api.spotify.com/v1/audio-analysis/61m99fcU9aauP6IgzMI8kd,0.863,205400,0.589,61m99fcU9aauP6IgzMI8kd,0.0000047,7,0.0405,-4.263,1,0.258,91.962,4,https://api.spotify.com/v1/tracks/61m99fcU9aauP6IgzMI8kd,audio_features,spotify:track:61m99fcU9aauP6IgzMI8kd,0.779,1,My_Songs
0.0555,https://api.spotify.com/v1/audio-analysis/3WibbMr6canxRJXhNtAvLU,0.746,304227,0.978,3WibbMr6canxRJXhNtAvLU,0.0000402,9,0.026,-5.324,1,0.0978,153.897,4,https://api.spotify.com/v1/tracks/3WibbMr6canxRJXhNtAvLU,audio_features,spotify:track:3WibbMr6canxRJXhNtAvLU,0.65,1,My_Songs
0.00256,https://api.spotify.com/v1/audio-analysis/0cnmrkJn962udKrvLBt9i2,0.854,266853,0.849,0cnmrkJn962udKrvLBt9i2,0,11,0.0588,-7.61,1,0.195,103.031,4,https://api.spotify.com/v1/tracks/0cnmrkJn962udKrvLBt9i2,audio_features,spotify:track:0cnmrkJn962udKrvLBt9i2,0.853,1,My_Songs
0.108,https://api.spotify.com/v1/audio-analysis/37Ce0rej4NzkTgNuJu6me2,0.591,334757,0.806,37Ce0rej4NzkTgNuJu6me2,0,9,0.289,-3.933,0,0.17,97.99,4,https://api.spotify.com/v1/tracks/37Ce0rej4NzkTgNuJu6me2,audio_features,spotify:track:37Ce0rej4NzkTgNuJu6me2,0.318,1,My_Songs
0.0135,https://api.spotify.com/v1/audio-analysis/63K4YGJlcI6Kfl43XKfvM9,0.659,302657,0.676,63K4YGJlcI6Kfl43XKfvM9,0.908,5,0.306,-10.722,1,0.0654,92.986,4,https://api.spotify.com/v1/tracks/63K4YGJlcI6Kfl43XKfvM9,audio_features,spotify:track:63K4YGJlcI6Kfl43XKfvM9,0.187,1,My_Songs
0.00455,https://api.spotify.com/v1/audio-analysis/2nM76IOjAklqh9RiwCeJUK,0.708,212431,0.671,2nM76IOjAklqh9RiwCeJUK,0.614,5,0.12,-8.493,0,0.0401,125.999,4,https://api.spotify.com/v1/tracks/2nM76IOjAklqh9RiwCeJUK,audio_features,spotify:track:2nM76IOjAklqh9RiwCeJUK,0.229,1,My_Songs
0.0792,https://api.spotify.com/v1/audio-analysis/1l6yU42y4TpbMLw4AZ18qy,0.579,224703,0.592,1l6yU42y4TpbMLw4AZ18qy,0.00572,8,0.0663,-7.073,0,0.212,160.971,4,https://api.spotify.com/v1/tracks/1l6yU42y4TpbMLw4AZ18qy,audio_features,spotify:track:1l6yU42y4TpbMLw4AZ18qy,0.202,1,My_Songs
0.00387,https://api.spotify.com/v1/audio-analysis/2tSN6yHWdFNLlUZ4hOzkfk,0.654,217603,0.681,2tSN6yHWdFNLlUZ4hOzkfk,0.348,9,0.09,-7.972,0,0.0361,109.984,4,https://api.spotify.com/v1/tracks/2tSN6yHWdFNLlUZ4hOzkfk,audio_features,spotify:track:2tSN6yHWdFNLlUZ4hOzkfk,0.234,1,My_Songs
0.00628,https://api.spotify.com/v1/audio-analysis/1X13FSQSEHalV7wvxef8HP,0.505,270757,0.691,1X13FSQSEHalV7wvxef8HP,0.877,5,0.123,-10.26,1,0.0489,197.995,4,https://api.spotify.com/v1/tracks/1X13FSQSEHalV7wvxef8HP,audio_features,spotify:track:1X13FSQSEHalV7wvxef8HP,0.299,1,My_Songs
0.158,https://api.spotify.com/v1/audio-analysis/6JVCJZNu3EFyFaKyRqxXF7,0.728,204604,0.736,6JVCJZNu3EFyFaKyRqxXF7,0.818,0,0.111,-7.752,1,0.0377,139.956,4,https://api.spotify.com/v1/tracks/6JVCJZNu3EFyFaKyRqxXF7,audio_features,spotify:track:6JVCJZNu3EFyFaKyRqxXF7,0.127,1,My_Songs
0.00438,https://api.spotify.com/v1/audio-analysis/003tp162G8KIwWHSPAcNzS,0.8,220879,0.497,003tp162G8KIwWHSPAcNzS,0.0996,2,0.074,-8.203,0,0.0362,110.996,4,https://api.spotify.com/v1/tracks/003tp162G8KIwWHSPAcNzS,audio_features,spotify:track:003tp162G8KIwWHSPAcNzS,0.333,1,My_Songs
0.0994,https://api.spotify.com/v1/audio-analysis/3pc7Eg4HSJX1lto9PI9bJ1,0.666,151180,0.702,3pc7Eg4HSJX1lto9PI9bJ1,0.773,11,0.0756,-7.242,0,0.0314,112.128,4,https://api.spotify.com/v1/tracks/3pc7Eg4HSJX1lto9PI9bJ1,audio_features,spotify:track:3pc7Eg4HSJX1lto9PI9bJ1,0.829,1,My_Songs
0.6,https://api.spotify.com/v1/audio-analysis/4c7ra5L7SBRlxoVEweTdf8,0.7,337200,0.393,4c7ra5L7SBRlxoVEweTdf8,0.00000608,2,0.113,-10.88,1,0.0471,79.638,4,https://api.spotify.com/v1/tracks/4c7ra5L7SBRlxoVEweTdf8,audio_features,spotify:track:4c7ra5L7SBRlxoVEweTdf8,0.484,1,My_Songs
0.0488,https://api.spotify.com/v1/audio-analysis/6gUTqWQfFxidzMpF3qOllH,0.594,247368,0.628,6gUTqWQfFxidzMpF3qOllH,0.778,1,0.439,-8.044,0,0.222,78.995,4,https://api.spotify.com/v1/tracks/6gUTqWQfFxidzMpF3qOllH,audio_features,spotify:track:6gUTqWQfFxidzMpF3qOllH,0.711,1,My_Songs
0.0151,https://api.spotify.com/v1/audio-analysis/56t26hPsIfjzJm7qROvgvw,0.8,240392,0.725,56t26hPsIfjzJm7qROvgvw,0.11,8,0.174,-7.526,1,0.196,114.06,4,https://api.spotify.com/v1/tracks/56t26hPsIfjzJm7qROvgvw,audio_features,spotify:track:56t26hPsIfjzJm7qROvgvw,0.165,1,My_Songs
0.106,https://api.spotify.com/v1/audio-analysis/6P6HGbOoWUynE2U7yLwLnY,0.596,279147,0.727,6P6HGbOoWUynE2U7yLwLnY,0.00000144,1,0.102,-5.344,1,0.157,160.09,4,https://api.spotify.com/v1/tracks/6P6HGbOoWUynE2U7yLwLnY,audio_features,spotify:track:6P6HGbOoWUynE2U7yLwLnY,0.59,1,My_Songs
0.0855,https://api.spotify.com/v1/audio-analysis/1WkEaBFRa4cfQyLPPXDaJo,0.703,180613,0.534,1WkEaBFRa4cfQyLPPXDaJo,0.529,4,0.302,-8.843,0,0.142,140.041,4,https://api.spotify.com/v1/tracks/1WkEaBFRa4cfQyLPPXDaJo,audio_features,spotify:track:1WkEaBFRa4cfQyLPPXDaJo,0.176,1,My_Songs
0.162,https://api.spotify.com/v1/audio-analysis/7oQERl1NetudC5UUqqVA5K,0.74,213603,0.63,7oQERl1NetudC5UUqqVA5K,0.0000043,7,0.205,-7.955,0,0.175,130.041,4,https://api.spotify.com/v1/tracks/7oQERl1NetudC5UUqqVA5K,audio_features,spotify:track:7oQERl1NetudC5UUqqVA5K,0.516,1,My_Songs
0.00388,https://api.spotify.com/v1/audio-analysis/2ma05MCsejYYz7PW1skoKF,0.805,236121,0.455,2ma05MCsejYYz7PW1skoKF,0,2,0.0729,-6.285,1,0.145,130.002,4,https://api.spotify.com/v1/tracks/2ma05MCsejYYz7PW1skoKF,audio_features,spotify:track:2ma05MCsejYYz7PW1skoKF,0.324,1,My_Songs
0.0917,https://api.spotify.com/v1/audio-analysis/0YUZNLz04DGNiV9BQGhybh,0.54,238720,0.834,0YUZNLz04DGNiV9BQGhybh,0.00282,0,0.158,-6.942,1,0.0531,117.086,4,https://api.spotify.com/v1/tracks/0YUZNLz04DGNiV9BQGhybh,audio_features,spotify:track:0YUZNLz04DGNiV9BQGhybh,0.379,1,My_Songs
0.0906,https://api.spotify.com/v1/audio-analysis/2YtFE6M1LHRaPAznBKA5E5,0.665,225893,0.843,2YtFE6M1LHRaPAznBKA5E5,0.0000157,11,0.145,-5.916,0,0.17,104.993,4,https://api.spotify.com/v1/tracks/2YtFE6M1LHRaPAznBKA5E5,audio_features,spotify:track:2YtFE6M1LHRaPAznBKA5E5,0.453,1,My_Songs
0.0694,https://api.spotify.com/v1/audio-analysis/0PTx1gmHhIOvRpVRmeoZ67,0.664,285240,0.909,0PTx1gmHhIOvRpVRmeoZ67,0.269,5,0.205,-6.502,0,0.0718,100.072,4,https://api.spotify.com/v1/tracks/0PTx1gmHhIOvRpVRmeoZ67,audio_features,spotify:track:0PTx1gmHhIOvRpVRmeoZ67,0.8,1,My_Songs
0.161,https://api.spotify.com/v1/audio-analysis/4ldPNEBwh87skGUYCa8UWq,0.889,196280,0.588,4ldPNEBwh87skGUYCa8UWq,0.025,7,0.113,-5.159,0,0.036,113.979,4,https://api.spotify.com/v1/tracks/4ldPNEBwh87skGUYCa8UWq,audio_features,spotify:track:4ldPNEBwh87skGUYCa8UWq,0.646,1,My_Songs
0.414,https://api.spotify.com/v1/audio-analysis/7EQl4Mm0LV4jldmM23TRdJ,0.735,159647,0.662,7EQl4Mm0LV4jldmM23TRdJ,0.0564,8,0.108,-7.187,0,0.242,98.953,5,https://api.spotify.com/v1/tracks/7EQl4Mm0LV4jldmM23TRdJ,audio_features,spotify:track:7EQl4Mm0LV4jldmM23TRdJ,0.107,1,My_Songs
0.134,https://api.spotify.com/v1/audio-analysis/4oKwuo5FeGruDDzCIhS3oE,0.396,183840,0.703,4oKwuo5FeGruDDzCIhS3oE,0.0000904,8,0.192,-7.824,1,0.364,177.206,4,https://api.spotify.com/v1/tracks/4oKwuo5FeGruDDzCIhS3oE,audio_features,spotify:track:4oKwuo5FeGruDDzCIhS3oE,0.559,1,My_Songs
0.255,https://api.spotify.com/v1/audio-analysis/1BAJpa7mrs0A8cHsA2enqx,0.357,130480,0.892,1BAJpa7mrs0A8cHsA2enqx,0.0000108,1,0.177,-8.012,1,0.357,83.426,4,https://api.spotify.com/v1/tracks/1BAJpa7mrs0A8cHsA2enqx,audio_features,spotify:track:1BAJpa7mrs0A8cHsA2enqx,0.638,1,My_Songs
0.451,https://api.spotify.com/v1/audio-analysis/58YBY8OiX56vQhcHUgul9m,0.835,200130,0.754,58YBY8OiX56vQhcHUgul9m,0,1,0.107,-7.182,1,0.318,144.115,4,https://api.spotify.com/v1/tracks/58YBY8OiX56vQhcHUgul9m,audio_features,spotify:track:58YBY8OiX56vQhcHUgul9m,0.835,1,My_Songs
0.00462,https://api.spotify.com/v1/audio-analysis/0Sl8C9oeS3b5Kv9bSvTPDr,0.646,283067,0.631,0Sl8C9oeS3b5Kv9bSvTPDr,0.288,8,0.122,-10.748,0,0.0436,109.02,4,https://api.spotify.com/v1/tracks/0Sl8C9oeS3b5Kv9bSvTPDr,audio_features,spotify:track:0Sl8C9oeS3b5Kv9bSvTPDr,0.169,1,My_Songs
0.224,https://api.spotify.com/v1/audio-analysis/1PynmIgtjZlkE05ZbVzepO,0.656,243448,0.77,1PynmIgtjZlkE05ZbVzepO,0.0023,2,0.301,-5.699,0,0.0404,134.039,4,https://api.spotify.com/v1/tracks/1PynmIgtjZlkE05ZbVzepO,audio_features,spotify:track:1PynmIgtjZlkE05ZbVzepO,0.71,1,My_Songs
0.189,https://api.spotify.com/v1/audio-analysis/3McVJ4pdwNMP4RJtsJAogG,0.65,223560,0.645,3McVJ4pdwNMP4RJtsJAogG,0,4,0.105,-5.378,0,0.033,123.969,4,https://api.spotify.com/v1/tracks/3McVJ4pdwNMP4RJtsJAogG,audio_features,spotify:track:3McVJ4pdwNMP4RJtsJAogG,0.471,1,My_Songs
0.367,https://api.spotify.com/v1/audio-analysis/1GEVA7eaKz2tyPbb8Z2fQD,0.62,242787,0.821,1GEVA7eaKz2tyPbb8Z2fQD,0.0307,4,0.391,-6.533,1,0.0375,132.982,4,https://api.spotify.com/v1/tracks/1GEVA7eaKz2tyPbb8Z2fQD,audio_features,spotify:track:1GEVA7eaKz2tyPbb8Z2fQD,0.671,1,My_Songs
0.0142,https://api.spotify.com/v1/audio-analysis/2LEr1Xj0po3hIXOiYzW3PN,0.797,259480,0.878,2LEr1Xj0po3hIXOiYzW3PN,0.777,7,0.0346,-6.618,1,0.0375,100.621,4,https://api.spotify.com/v1/tracks/2LEr1Xj0po3hIXOiYzW3PN,audio_features,spotify:track:2LEr1Xj0po3hIXOiYzW3PN,0.891,1,My_Songs
0.244,https://api.spotify.com/v1/audio-analysis/5P9cFbGT4R102f6k4icciC,0.859,199307,0.79,5P9cFbGT4R102f6k4icciC,0.0000702,1,0.0627,-6.139,1,0.187,92.053,4,https://api.spotify.com/v1/tracks/5P9cFbGT4R102f6k4icciC,audio_features,spotify:track:5P9cFbGT4R102f6k4icciC,0.944,1,My_Songs
0.0643,https://api.spotify.com/v1/audio-analysis/29SQc0rWYpWyMWy5juXx04,0.833,188600,0.808,29SQc0rWYpWyMWy5juXx04,0.000646,10,0.272,-4.413,0,0.164,94.008,4,https://api.spotify.com/v1/tracks/29SQc0rWYpWyMWy5juXx04,audio_features,spotify:track:29SQc0rWYpWyMWy5juXx04,0.786,1,My_Songs
0.582,https://api.spotify.com/v1/audio-analysis/2GO4FoyGDQYop8jYidTJ9D,0.849,223840,0.839,2GO4FoyGDQYop8jYidTJ9D,0,1,0.743,-6.304,1,0.298,103.159,4,https://api.spotify.com/v1/tracks/2GO4FoyGDQYop8jYidTJ9D,audio_features,spotify:track:2GO4FoyGDQYop8jYidTJ9D,0.471,1,My_Songs
0.0773,https://api.spotify.com/v1/audio-analysis/1F2IuJYc5paZIA0IEDlsOY,0.778,192573,0.738,1F2IuJYc5paZIA0IEDlsOY,0,10,0.351,-5.894,0,0.293,96.31,4,https://api.spotify.com/v1/tracks/1F2IuJYc5paZIA0IEDlsOY,audio_features,spotify:track:1F2IuJYc5paZIA0IEDlsOY,0.909,1,My_Songs
0.636,https://api.spotify.com/v1/audio-analysis/1HwlBxYp2MfQKcdcmoRynR,0.835,231907,0.725,1HwlBxYp2MfQKcdcmoRynR,0,10,0.0941,-5.108,1,0.129,95.525,4,https://api.spotify.com/v1/tracks/1HwlBxYp2MfQKcdcmoRynR,audio_features,spotify:track:1HwlBxYp2MfQKcdcmoRynR,0.888,1,My_Songs
0.138,https://api.spotify.com/v1/audio-analysis/3IK40EfJ8Vut8OydsMTQ5M,0.496,248394,0.709,3IK40EfJ8Vut8OydsMTQ5M,0,4,0.596,-5.585,0,0.267,76.468,4,https://api.spotify.com/v1/tracks/3IK40EfJ8Vut8OydsMTQ5M,audio_features,spotify:track:3IK40EfJ8Vut8OydsMTQ5M,0.536,1,My_Songs
0.39,https://api.spotify.com/v1/audio-analysis/3N34QadxAbASJoLUU4sXvt,0.813,202094,0.715,3N34QadxAbASJoLUU4sXvt,0,6,0.179,-5.428,1,0.325,101.078,4,https://api.spotify.com/v1/tracks/3N34QadxAbASJoLUU4sXvt,audio_features,spotify:track:3N34QadxAbASJoLUU4sXvt,0.675,1,My_Songs
0.704,https://api.spotify.com/v1/audio-analysis/151wipqDFW36gE7FJozUSx,0.775,314107,0.541,151wipqDFW36gE7FJozUSx,0.00000238,5,0.0917,-8.255,1,0.215,90.003,4,https://api.spotify.com/v1/tracks/151wipqDFW36gE7FJozUSx,audio_features,spotify:track:151wipqDFW36gE7FJozUSx,0.614,1,My_Songs
0.313,https://api.spotify.com/v1/audio-analysis/0b31Tm8RWYbQ4dWMyDkaBo,0.654,129867,0.594,0b31Tm8RWYbQ4dWMyDkaBo,0.00000321,1,0.208,-8.681,1,0.42,89.488,4,https://api.spotify.com/v1/tracks/0b31Tm8RWYbQ4dWMyDkaBo,audio_features,spotify:track:0b31Tm8RWYbQ4dWMyDkaBo,0.827,1,My_Songs
0.00013,https://api.spotify.com/v1/audio-analysis/172u95XX2JxIfBZi1v0vKN,0.576,201360,0.935,172u95XX2JxIfBZi1v0vKN,0.017,10,0.0828,-4.911,0,0.051,150.227,4,https://api.spotify.com/v1/tracks/172u95XX2JxIfBZi1v0vKN,audio_features,spotify:track:172u95XX2JxIfBZi1v0vKN,0.874,1,My_Songs
0.0264,https://api.spotify.com/v1/audio-analysis/1C9iCzuWKDbbLcv2PWAw6f,0.781,287413,0.821,1C9iCzuWKDbbLcv2PWAw6f,0,1,0.132,-7.609,1,0.0989,93.139,4,https://api.spotify.com/v1/tracks/1C9iCzuWKDbbLcv2PWAw6f,audio_features,spotify:track:1C9iCzuWKDbbLcv2PWAw6f,0.77,1,My_Songs
0.0226,https://api.spotify.com/v1/audio-analysis/72rL4XWa67p2VCGhSEE7lR,0.71,291293,0.743,72rL4XWa67p2VCGhSEE7lR,0.00733,6,0.438,-8.85,1,0.152,87.769,4,https://api.spotify.com/v1/tracks/72rL4XWa67p2VCGhSEE7lR,audio_features,spotify:track:72rL4XWa67p2VCGhSEE7lR,0.827,1,My_Songs
0.0777,https://api.spotify.com/v1/audio-analysis/0fISZf2T8OpQvKxveIydfK,0.628,220480,0.661,0fISZf2T8OpQvKxveIydfK,0.000277,1,0.195,-6.551,1,0.107,169.858,4,https://api.spotify.com/v1/tracks/0fISZf2T8OpQvKxveIydfK,audio_features,spotify:track:0fISZf2T8OpQvKxveIydfK,0.639,1,My_Songs
0.107,https://api.spotify.com/v1/audio-analysis/7bPuJthAdgUQIJxgPKCkZW,0.539,238987,0.728,7bPuJthAdgUQIJxgPKCkZW,0.0000569,6,0.0842,-6.22,1,0.387,176.353,4,https://api.spotify.com/v1/tracks/7bPuJthAdgUQIJxgPKCkZW,audio_features,spotify:track:7bPuJthAdgUQIJxgPKCkZW,0.827,1,My_Songs
0.0704,https://api.spotify.com/v1/audio-analysis/7vvefe3etqUj9NRAy3qzCH,0.673,201093,0.904,7vvefe3etqUj9NRAy3qzCH,0.0000444,6,0.255,-6.232,1,0.389,91.189,4,https://api.spotify.com/v1/tracks/7vvefe3etqUj9NRAy3qzCH,audio_features,spotify:track:7vvefe3etqUj9NRAy3qzCH,0.759,1,My_Songs
0.143,https://api.spotify.com/v1/audio-analysis/0FipoaB3ZjkGqecRdRC7ep,0.676,251600,0.894,0FipoaB3ZjkGqecRdRC7ep,0.0000035,8,0.768,-6.034,0,0.487,88.712,4,https://api.spotify.com/v1/tracks/0FipoaB3ZjkGqecRdRC7ep,audio_features,spotify:track:0FipoaB3ZjkGqecRdRC7ep,0.54,1,My_Songs
0.00351,https://api.spotify.com/v1/audio-analysis/1LM6EReMkAxuDXDF26ekl2,0.659,227427,0.925,1LM6EReMkAxuDXDF26ekl2,0,7,0.146,-4.76,1,0.388,90.19,4,https://api.spotify.com/v1/tracks/1LM6EReMkAxuDXDF26ekl2,audio_features,spotify:track:1LM6EReMkAxuDXDF26ekl2,0.763,1,My_Songs
0.694,https://api.spotify.com/v1/audio-analysis/38BbEZk5plhUHEtWKfdxKI,0.574,276213,0.676,38BbEZk5plhUHEtWKfdxKI,0.921,8,0.116,-12.331,1,0.0295,102.591,4,https://api.spotify.com/v1/tracks/38BbEZk5plhUHEtWKfdxKI,audio_features,spotify:track:38BbEZk5plhUHEtWKfdxKI,0.876,1,My_Songs
0.0918,https://api.spotify.com/v1/audio-analysis/7BMfDsoZkEPmamlkvptvJl,0.539,248683,0.494,7BMfDsoZkEPmamlkvptvJl,0.00000188,5,0.147,-6.242,0,0.0775,108.098,4,https://api.spotify.com/v1/tracks/7BMfDsoZkEPmamlkvptvJl,audio_features,spotify:track:7BMfDsoZkEPmamlkvptvJl,0.474,1,My_Songs
0.0131,https://api.spotify.com/v1/audio-analysis/2anqvLXhJRNLJC6K4XD0Mj,0.642,284400,0.931,2anqvLXhJRNLJC6K4XD0Mj,0.825,1,0.215,-4.142,1,0.0417,152.005,4,https://api.spotify.com/v1/tracks/2anqvLXhJRNLJC6K4XD0Mj,audio_features,spotify:track:2anqvLXhJRNLJC6K4XD0Mj,0.537,1,My_Songs
0.0132,https://api.spotify.com/v1/audio-analysis/2iV9R7XunfX51i3x1KlMiZ,0.697,175253,0.887,2iV9R7XunfX51i3x1KlMiZ,0.942,4,0.101,-5.043,1,0.0367,149.006,4,https://api.spotify.com/v1/tracks/2iV9R7XunfX51i3x1KlMiZ,audio_features,spotify:track:2iV9R7XunfX51i3x1KlMiZ,0.906,1,My_Songs
0.186,https://api.spotify.com/v1/audio-analysis/4mPXQqTQh27p8tYVT1SejW,0.69,234799,0.794,4mPXQqTQh27p8tYVT1SejW,0.453,1,0.06,-4.723,1,0.0307,114.362,4,https://api.spotify.com/v1/tracks/4mPXQqTQh27p8tYVT1SejW,audio_features,spotify:track:4mPXQqTQh27p8tYVT1SejW,0.843,1,My_Songs
0.119,https://api.spotify.com/v1/audio-analysis/6rke97DphzsaagWqHiV1FX,0.619,210360,0.741,6rke97DphzsaagWqHiV1FX,0.0000467,9,0.34,-5.838,0,0.045,139.894,4,https://api.spotify.com/v1/tracks/6rke97DphzsaagWqHiV1FX,audio_features,spotify:track:6rke97DphzsaagWqHiV1FX,0.796,1,My_Songs
0.624,https://api.spotify.com/v1/audio-analysis/1fOqfgjWStB7Jxf7UFfqu8,0.58,239680,0.431,1fOqfgjWStB7Jxf7UFfqu8,0.00000109,11,0.0467,-10.123,1,0.0422,143.812,4,https://api.spotify.com/v1/tracks/1fOqfgjWStB7Jxf7UFfqu8,audio_features,spotify:track:1fOqfgjWStB7Jxf7UFfqu8,0.492,1,My_Songs
0.031,https://api.spotify.com/v1/audio-analysis/1wJAu0NKytglV2bJ6Ven5o,0.699,404347,0.696,1wJAu0NKytglV2bJ6Ven5o,0,11,0.0689,-10.376,0,0.399,95.928,4,https://api.spotify.com/v1/tracks/1wJAu0NKytglV2bJ6Ven5o,audio_features,spotify:track:1wJAu0NKytglV2bJ6Ven5o,0.0429,1,My_Songs
0.0189,https://api.spotify.com/v1/audio-analysis/7svxfKwNtrPkf6lBMuUAnC,0.923,229333,0.74,7svxfKwNtrPkf6lBMuUAnC,0,9,0.0568,-6.557,1,0.368,122.996,4,https://api.spotify.com/v1/tracks/7svxfKwNtrPkf6lBMuUAnC,audio_features,spotify:track:7svxfKwNtrPkf6lBMuUAnC,0.402,1,My_Songs
0.117,https://api.spotify.com/v1/audio-analysis/4c1ArlBO56iNxiFTupUtt6,0.825,204027,0.571,4c1ArlBO56iNxiFTupUtt6,0,7,0.201,-6.382,1,0.347,93.808,4,https://api.spotify.com/v1/tracks/4c1ArlBO56iNxiFTupUtt6,audio_features,spotify:track:4c1ArlBO56iNxiFTupUtt6,0.835,1,My_Songs
0.0125,https://api.spotify.com/v1/audio-analysis/4UmJNtvVyPoK4xnU6LIx2P,0.775,183960,0.801,4UmJNtvVyPoK4xnU6LIx2P,0,7,0.0604,-5.847,1,0.208,104.992,4,https://api.spotify.com/v1/tracks/4UmJNtvVyPoK4xnU6LIx2P,audio_features,spotify:track:4UmJNtvVyPoK4xnU6LIx2P,0.328,1,My_Songs
0.0128,https://api.spotify.com/v1/audio-analysis/4INDiWSKvqSKDEu7mh8HFz,0.845,257400,0.884,4INDiWSKvqSKDEu7mh8HFz,0.0000021,6,0.203,-4.506,0,0.0759,104.536,4,https://api.spotify.com/v1/tracks/4INDiWSKvqSKDEu7mh8HFz,audio_features,spotify:track:4INDiWSKvqSKDEu7mh8HFz,0.903,1,My_Songs
0.094,https://api.spotify.com/v1/audio-analysis/43CKG4Ag1kYOsNUCcHr7nI,0.786,205920,0.635,43CKG4Ag1kYOsNUCcHr7nI,0,8,0.0771,-5.307,1,0.321,97.315,4,https://api.spotify.com/v1/tracks/43CKG4Ag1kYOsNUCcHr7nI,audio_features,spotify:track:43CKG4Ag1kYOsNUCcHr7nI,0.486,1,My_Songs
0.096,https://api.spotify.com/v1/audio-analysis/2TLwAC1ZvPaSKMqzfPyWw3,0.759,277800,0.654,2TLwAC1ZvPaSKMqzfPyWw3,0.00768,3,0.106,-6.462,0,0.285,149.999,4,https://api.spotify.com/v1/tracks/2TLwAC1ZvPaSKMqzfPyWw3,audio_features,spotify:track:2TLwAC1ZvPaSKMqzfPyWw3,0.522,1,My_Songs
0.0447,https://api.spotify.com/v1/audio-analysis/56nuAqaHVhq2leMa3Hqhkx,0.577,300733,0.697,56nuAqaHVhq2leMa3Hqhkx,0.00181,11,0.123,-6.645,0,0.0318,141.965,4,https://api.spotify.com/v1/tracks/56nuAqaHVhq2leMa3Hqhkx,audio_features,spotify:track:56nuAqaHVhq2leMa3Hqhkx,0.343,1,My_Songs
0.0626,https://api.spotify.com/v1/audio-analysis/4LIuTkElFDA3U8mUcCSxET,0.69,291707,0.654,4LIuTkElFDA3U8mUcCSxET,0.000398,6,0.177,-7.334,1,0.0861,123.957,4,https://api.spotify.com/v1/tracks/4LIuTkElFDA3U8mUcCSxET,audio_features,spotify:track:4LIuTkElFDA3U8mUcCSxET,0.254,1,My_Songs
0.00628,https://api.spotify.com/v1/audio-analysis/2GpkXzV7p0EBRC8sk4vpGl,0.653,243707,0.776,2GpkXzV7p0EBRC8sk4vpGl,0.854,6,0.0705,-6.542,1,0.0768,159.968,4,https://api.spotify.com/v1/tracks/2GpkXzV7p0EBRC8sk4vpGl,audio_features,spotify:track:2GpkXzV7p0EBRC8sk4vpGl,0.631,1,My_Songs
0.0054,https://api.spotify.com/v1/audio-analysis/6N4rFNsKiyZzrq1gSpwNJ2,0.89,261025,0.83,6N4rFNsKiyZzrq1gSpwNJ2,0.0176,6,0.281,-6.104,0,0.23,144.033,4,https://api.spotify.com/v1/tracks/6N4rFNsKiyZzrq1gSpwNJ2,audio_features,spotify:track:6N4rFNsKiyZzrq1gSpwNJ2,0.822,1,My_Songs
0.00597,https://api.spotify.com/v1/audio-analysis/1lYOlG9ZNtz5p3eSgnMn0Z,0.524,213600,0.892,1lYOlG9ZNtz5p3eSgnMn0Z,0,9,0.0538,-6.092,1,0.0426,116.6,4,https://api.spotify.com/v1/tracks/1lYOlG9ZNtz5p3eSgnMn0Z,audio_features,spotify:track:1lYOlG9ZNtz5p3eSgnMn0Z,0.789,1,My_Songs
0.00188,https://api.spotify.com/v1/audio-analysis/3GfOAdcoc3X5GPiiXmpBjK,0.658,121880,0.709,3GfOAdcoc3X5GPiiXmpBjK,0.00447,8,0.0657,-6.736,1,0.0904,129.699,4,https://api.spotify.com/v1/tracks/3GfOAdcoc3X5GPiiXmpBjK,audio_features,spotify:track:3GfOAdcoc3X5GPiiXmpBjK,0.852,1,My_Songs
0.00971,https://api.spotify.com/v1/audio-analysis/5CeL9C3bsoe4yzYS1Qz8cw,0.693,259387,0.875,5CeL9C3bsoe4yzYS1Qz8cw,0,7,0.0601,-8.354,0,0.0315,120.048,4,https://api.spotify.com/v1/tracks/5CeL9C3bsoe4yzYS1Qz8cw,audio_features,spotify:track:5CeL9C3bsoe4yzYS1Qz8cw,0.912,1,My_Songs
0.0391,https://api.spotify.com/v1/audio-analysis/6FBpIPlWYCQyXiJsmIDTOV,0.242,328533,0.954,6FBpIPlWYCQyXiJsmIDTOV,0.107,0,0.13,-2.297,0,0.0835,110.057,4,https://api.spotify.com/v1/tracks/6FBpIPlWYCQyXiJsmIDTOV,audio_features,spotify:track:6FBpIPlWYCQyXiJsmIDTOV,0.158,1,My_Songs
0.0722,https://api.spotify.com/v1/audio-analysis/5ElXeW497VKoYTGv67lKbK,0.689,315280,0.569,5ElXeW497VKoYTGv67lKbK,0.0143,5,0.0903,-7.88,0,0.0381,91.511,3,https://api.spotify.com/v1/tracks/5ElXeW497VKoYTGv67lKbK,audio_features,spotify:track:5ElXeW497VKoYTGv67lKbK,0.629,1,My_Songs
0.549,https://api.spotify.com/v1/audio-analysis/5fHTFglZ8qwLDQ6zSUQGy6,0.562,202733,0.69,5fHTFglZ8qwLDQ6zSUQGy6,0.778,6,0.685,-6.731,0,0.0372,83.017,4,https://api.spotify.com/v1/tracks/5fHTFglZ8qwLDQ6zSUQGy6,audio_features,spotify:track:5fHTFglZ8qwLDQ6zSUQGy6,0.3,1,My_Songs
0.048,https://api.spotify.com/v1/audio-analysis/7IRnRzbxzLvQfkynEymCmn,0.718,167613,0.855,7IRnRzbxzLvQfkynEymCmn,0.000612,11,0.277,-7.256,1,0.227,103.961,4,https://api.spotify.com/v1/tracks/7IRnRzbxzLvQfkynEymCmn,audio_features,spotify:track:7IRnRzbxzLvQfkynEymCmn,0.728,1,My_Songs
0.196,https://api.spotify.com/v1/audio-analysis/4DLH2fr8pWX1iksMrk47Kw,0.765,156320,0.938,4DLH2fr8pWX1iksMrk47Kw,0.000687,4,0.485,-2.718,1,0.0481,138.312,4,https://api.spotify.com/v1/tracks/4DLH2fr8pWX1iksMrk47Kw,audio_features,spotify:track:4DLH2fr8pWX1iksMrk47Kw,0.965,1,My_Songs
0.0601,https://api.spotify.com/v1/audio-analysis/7dyluIqv7QYVTXXZiMWPHW,0.685,205280,0.803,7dyluIqv7QYVTXXZiMWPHW,0,2,0.546,-4.251,1,0.156,107.005,4,https://api.spotify.com/v1/tracks/7dyluIqv7QYVTXXZiMWPHW,audio_features,spotify:track:7dyluIqv7QYVTXXZiMWPHW,0.793,1,My_Songs
0.0419,https://api.spotify.com/v1/audio-analysis/2GhfPith4XCcqNetTRWN4m,0.555,256387,0.868,2GhfPith4XCcqNetTRWN4m,0,3,0.0688,-5.352,0,0.247,86.901,4,https://api.spotify.com/v1/tracks/2GhfPith4XCcqNetTRWN4m,audio_features,spotify:track:2GhfPith4XCcqNetTRWN4m,0.459,1,My_Songs
0.0408,https://api.spotify.com/v1/audio-analysis/3R1k8P1MrDdLSRhlTaaWAS,0.594,256707,0.73,3R1k8P1MrDdLSRhlTaaWAS,0.000164,0,0.715,-4.638,0,0.159,133.88,4,https://api.spotify.com/v1/tracks/3R1k8P1MrDdLSRhlTaaWAS,audio_features,spotify:track:3R1k8P1MrDdLSRhlTaaWAS,0.378,1,My_Songs
0.0394,https://api.spotify.com/v1/audio-analysis/2zEcgQNsYAjJJnjWktF1wu,0.546,195427,0.902,2zEcgQNsYAjJJnjWktF1wu,0.00000519,1,0.165,-6.496,1,0.462,98.642,4,https://api.spotify.com/v1/tracks/2zEcgQNsYAjJJnjWktF1wu,audio_features,spotify:track:2zEcgQNsYAjJJnjWktF1wu,0.437,1,My_Songs
0.166,https://api.spotify.com/v1/audio-analysis/3SdOP61TT2l8YQpSaUtsWR,0.908,230107,0.686,3SdOP61TT2l8YQpSaUtsWR,0,5,0.645,-15.841,1,0.0918,114.6,4,https://api.spotify.com/v1/tracks/3SdOP61TT2l8YQpSaUtsWR,audio_features,spotify:track:3SdOP61TT2l8YQpSaUtsWR,0.803,1,My_Songs
0.119,https://api.spotify.com/v1/audio-analysis/3mxzjrk56NU1qOfKPBOMEs,0.733,185267,0.67,3mxzjrk56NU1qOfKPBOMEs,0,10,0.442,-3.532,0,0.132,86.983,4,https://api.spotify.com/v1/tracks/3mxzjrk56NU1qOfKPBOMEs,audio_features,spotify:track:3mxzjrk56NU1qOfKPBOMEs,0.754,1,My_Songs
0.031,https://api.spotify.com/v1/audio-analysis/4EvXpBZAcKrLngpGDhmet0,0.803,203027,0.444,4EvXpBZAcKrLngpGDhmet0,0.0227,6,0.112,-10.268,0,0.132,92.035,4,https://api.spotify.com/v1/tracks/4EvXpBZAcKrLngpGDhmet0,audio_features,spotify:track:4EvXpBZAcKrLngpGDhmet0,0.578,1,My_Songs
0.021,https://api.spotify.com/v1/audio-analysis/1oM6VZma2gPmhnczmhRKVw,0.571,237680,0.719,1oM6VZma2gPmhnczmhRKVw,0,11,0.458,-7.206,0,0.0378,80.694,4,https://api.spotify.com/v1/tracks/1oM6VZma2gPmhnczmhRKVw,audio_features,spotify:track:1oM6VZma2gPmhnczmhRKVw,0.538,1,My_Songs
0.287,https://api.spotify.com/v1/audio-analysis/2me9IwYb6MkNI9tTqtm3zi,0.674,286960,0.759,2me9IwYb6MkNI9tTqtm3zi,0,10,0.133,-6.336,0,0.317,89.219,4,https://api.spotify.com/v1/tracks/2me9IwYb6MkNI9tTqtm3zi,audio_features,spotify:track:2me9IwYb6MkNI9tTqtm3zi,0.48,1,My_Songs
0.0907,https://api.spotify.com/v1/audio-analysis/6gpZSI0xEMTzleBc5ykOVA,0.595,223240,0.947,6gpZSI0xEMTzleBc5ykOVA,0.00148,6,0.419,-3.908,1,0.286,171.074,4,https://api.spotify.com/v1/tracks/6gpZSI0xEMTzleBc5ykOVA,audio_features,spotify:track:6gpZSI0xEMTzleBc5ykOVA,0.823,1,My_Songs
0.309,https://api.spotify.com/v1/audio-analysis/7bRU1gQWJlz4ArBvfgGqm0,0.686,244973,0.505,7bRU1gQWJlz4ArBvfgGqm0,0,6,0.0483,-9.551,1,0.447,173.988,4,https://api.spotify.com/v1/tracks/7bRU1gQWJlz4ArBvfgGqm0,audio_features,spotify:track:7bRU1gQWJlz4ArBvfgGqm0,0.798,1,My_Songs
0.511,https://api.spotify.com/v1/audio-analysis/4TCIAfhhzPXOBq7ujbJTxw,0.868,224253,0.736,4TCIAfhhzPXOBq7ujbJTxw,0,2,0.105,-5.341,0,0.0446,119.996,4,https://api.spotify.com/v1/tracks/4TCIAfhhzPXOBq7ujbJTxw,audio_features,spotify:track:4TCIAfhhzPXOBq7ujbJTxw,0.724,1,My_Songs
0.184,https://api.spotify.com/v1/audio-analysis/2yYfWku1ndnxenRK318Ihz,0.635,211413,0.578,2yYfWku1ndnxenRK318Ihz,0,0,0.0874,-6.738,1,0.119,150.057,4,https://api.spotify.com/v1/tracks/2yYfWku1ndnxenRK318Ihz,audio_features,spotify:track:2yYfWku1ndnxenRK318Ihz,0.301,1,My_Songs
0.229,https://api.spotify.com/v1/audio-analysis/7xyyjOyiYVJCT3CmJl7HwW,0.854,227399,0.556,7xyyjOyiYVJCT3CmJl7HwW,0.00000198,8,0.41,-7.605,1,0.0778,136.022,4,https://api.spotify.com/v1/tracks/7xyyjOyiYVJCT3CmJl7HwW,audio_features,spotify:track:7xyyjOyiYVJCT3CmJl7HwW,0.337,1,My_Songs
0.445,https://api.spotify.com/v1/audio-analysis/2GbJGlktr4VhXny8N95pP5,0.521,192491,0.85,2GbJGlktr4VhXny8N95pP5,0,0,0.141,-4.16,0,0.396,151.637,4,https://api.spotify.com/v1/tracks/2GbJGlktr4VhXny8N95pP5,audio_features,spotify:track:2GbJGlktr4VhXny8N95pP5,0.576,1,My_Songs
0.149,https://api.spotify.com/v1/audio-analysis/4AD2Qrr66niSAOfj8JzFHa,0.792,249947,0.503,4AD2Qrr66niSAOfj8JzFHa,0.0176,7,0.095,-10.731,0,0.248,109.795,4,https://api.spotify.com/v1/tracks/4AD2Qrr66niSAOfj8JzFHa,audio_features,spotify:track:4AD2Qrr66niSAOfj8JzFHa,0.722,1,My_Songs
0.0123,https://api.spotify.com/v1/audio-analysis/43NmwWiaFI6WiRKhNjLUFt,0.447,229140,0.926,43NmwWiaFI6WiRKhNjLUFt,0.000885,6,0.135,-5.244,0,0.151,105.144,4,https://api.spotify.com/v1/tracks/43NmwWiaFI6WiRKhNjLUFt,audio_features,spotify:track:43NmwWiaFI6WiRKhNjLUFt,0.272,1,My_Songs
0.722,https://api.spotify.com/v1/audio-analysis/3XXLQJEHglT1zeSxSFfD2G,0.682,218240,0.582,3XXLQJEHglT1zeSxSFfD2G,0.476,7,0.0797,-10.336,1,0.03,108.988,4,https://api.spotify.com/v1/tracks/3XXLQJEHglT1zeSxSFfD2G,audio_features,spotify:track:3XXLQJEHglT1zeSxSFfD2G,0.5,1,My_Songs
0.452,https://api.spotify.com/v1/audio-analysis/126TblwXGNTUZ7RPMnThkU,0.698,173631,0.876,126TblwXGNTUZ7RPMnThkU,0.0133,3,0.0824,-4.45,1,0.0486,101.992,4,https://api.spotify.com/v1/tracks/126TblwXGNTUZ7RPMnThkU,audio_features,spotify:track:126TblwXGNTUZ7RPMnThkU,0.804,1,My_Songs
0.118,https://api.spotify.com/v1/audio-analysis/7gARZ2i5u5DHC1b1n1fML5,0.569,227080,0.645,7gARZ2i5u5DHC1b1n1fML5,0.00114,5,0.146,-7.368,1,0.0387,74.985,4,https://api.spotify.com/v1/tracks/7gARZ2i5u5DHC1b1n1fML5,audio_features,spotify:track:7gARZ2i5u5DHC1b1n1fML5,0.246,1,My_Songs
0.776,https://api.spotify.com/v1/audio-analysis/4e8KvQ6kLYr4ZnmZyNLwJO,0.357,305107,0.482,4e8KvQ6kLYr4ZnmZyNLwJO,0.00417,5,0.0829,-10.627,1,0.0342,171.697,4,https://api.spotify.com/v1/tracks/4e8KvQ6kLYr4ZnmZyNLwJO,audio_features,spotify:track:4e8KvQ6kLYr4ZnmZyNLwJO,0.296,1,My_Songs
0.35,https://api.spotify.com/v1/audio-analysis/0rR9tCeZYiU8ipAMLxW6ha,0.535,273424,0.574,0rR9tCeZYiU8ipAMLxW6ha,0.0000996,2,0.12,-6.865,0,0.0372,84.984,4,https://api.spotify.com/v1/tracks/0rR9tCeZYiU8ipAMLxW6ha,audio_features,spotify:track:0rR9tCeZYiU8ipAMLxW6ha,0.461,1,My_Songs
0.382,https://api.spotify.com/v1/audio-analysis/1OWPYsuHD3AaYpFGtTk1IO,0.593,282813,0.392,1OWPYsuHD3AaYpFGtTk1IO,0.000114,10,0.131,-6.872,0,0.0257,75.065,4,https://api.spotify.com/v1/tracks/1OWPYsuHD3AaYpFGtTk1IO,audio_features,spotify:track:1OWPYsuHD3AaYpFGtTk1IO,0.285,1,My_Songs
0.0152,https://api.spotify.com/v1/audio-analysis/0mbExE0mxdBwcVbUgC9Wea,0.446,291807,0.512,0mbExE0mxdBwcVbUgC9Wea,0.866,8,0.0899,-6.916,0,0.078,98.027,4,https://api.spotify.com/v1/tracks/0mbExE0mxdBwcVbUgC9Wea,audio_features,spotify:track:0mbExE0mxdBwcVbUgC9Wea,0.151,1,My_Songs
0.382,https://api.spotify.com/v1/audio-analysis/1e0zbA86VkPt2bIi3YWJxC,0.523,237440,0.322,1e0zbA86VkPt2bIi3YWJxC,0.0024,10,0.134,-11.482,0,0.03,90.375,4,https://api.spotify.com/v1/tracks/1e0zbA86VkPt2bIi3YWJxC,audio_features,spotify:track:1e0zbA86VkPt2bIi3YWJxC,0.264,1,My_Songs
0.953,https://api.spotify.com/v1/audio-analysis/1xcm5pXyjUcjJMxtKJghp6,0.479,219057,0.276,1xcm5pXyjUcjJMxtKJghp6,0.0951,4,0.394,-16.652,1,0.0433,180.819,4,https://api.spotify.com/v1/tracks/1xcm5pXyjUcjJMxtKJghp6,audio_features,spotify:track:1xcm5pXyjUcjJMxtKJghp6,0.667,1,My_Songs
0.0161,https://api.spotify.com/v1/audio-analysis/5eKiIvQWuTf9N9rJQppfxd,0.454,201010,0.854,5eKiIvQWuTf9N9rJQppfxd,0,2,0.594,-5.359,1,0.183,127.891,4,https://api.spotify.com/v1/tracks/5eKiIvQWuTf9N9rJQppfxd,audio_features,spotify:track:5eKiIvQWuTf9N9rJQppfxd,0.19,1,My_Songs
0.528,https://api.spotify.com/v1/audio-analysis/5VOss7ATiPrSUzMkWZ3cTu,0.762,333337,0.517,5VOss7ATiPrSUzMkWZ3cTu,0,8,0.295,-9.132,0,0.436,125.947,4,https://api.spotify.com/v1/tracks/5VOss7ATiPrSUzMkWZ3cTu,audio_features,spotify:track:5VOss7ATiPrSUzMkWZ3cTu,0.588,1,My_Songs
0.0684,https://api.spotify.com/v1/audio-analysis/0RIVceHxQnKudxsc9TGlk2,0.787,268050,0.606,0RIVceHxQnKudxsc9TGlk2,0,9,0.0909,-5.689,1,0.0491,122.028,4,https://api.spotify.com/v1/tracks/0RIVceHxQnKudxsc9TGlk2,audio_features,spotify:track:0RIVceHxQnKudxsc9TGlk2,0.502,1,My_Songs
0.0395,https://api.spotify.com/v1/audio-analysis/0EcnKHdTbh6tcPZkEkp6Y9,0.549,294745,0.966,0EcnKHdTbh6tcPZkEkp6Y9,0,5,0.361,-5.017,1,0.206,142.073,4,https://api.spotify.com/v1/tracks/0EcnKHdTbh6tcPZkEkp6Y9,audio_features,spotify:track:0EcnKHdTbh6tcPZkEkp6Y9,0.819,1,My_Songs
0.116,https://api.spotify.com/v1/audio-analysis/6fgbQt13JlpN59PytgTMsA,0.427,334667,0.9,6fgbQt13JlpN59PytgTMsA,0.0000175,11,0.119,-3.674,1,0.0499,104.655,4,https://api.spotify.com/v1/tracks/6fgbQt13JlpN59PytgTMsA,audio_features,spotify:track:6fgbQt13JlpN59PytgTMsA,0.591,1,My_Songs
0.143,https://api.spotify.com/v1/audio-analysis/1XCpTCBHoG6JFzQA1mm5EX,0.728,196517,0.707,1XCpTCBHoG6JFzQA1mm5EX,0.218,3,0.0371,-7.082,0,0.306,177.905,4,https://api.spotify.com/v1/tracks/1XCpTCBHoG6JFzQA1mm5EX,audio_features,spotify:track:1XCpTCBHoG6JFzQA1mm5EX,0.774,1,My_Songs
0.423,https://api.spotify.com/v1/audio-analysis/79NQ3vJtnne2jCKr9zSvW3,0.818,173777,0.518,79NQ3vJtnne2jCKr9zSvW3,0.00177,5,0.101,-9.723,0,0.0454,139.945,4,https://api.spotify.com/v1/tracks/79NQ3vJtnne2jCKr9zSvW3,audio_features,spotify:track:79NQ3vJtnne2jCKr9zSvW3,0.686,1,My_Songs
0.622,https://api.spotify.com/v1/audio-analysis/1pVSgqDsbwsIpg1xJSEy9y,0.664,267416,0.651,1pVSgqDsbwsIpg1xJSEy9y,0,7,0.0828,-4.375,1,0.349,79.022,4,https://api.spotify.com/v1/tracks/1pVSgqDsbwsIpg1xJSEy9y,audio_features,spotify:track:1pVSgqDsbwsIpg1xJSEy9y,0.332,1,My_Songs
0.368,https://api.spotify.com/v1/audio-analysis/63K1k69JuBg92kwRXCPQAW,0.632,231050,0.781,63K1k69JuBg92kwRXCPQAW,0,1,0.207,-5.911,1,0.0516,93.083,4,https://api.spotify.com/v1/tracks/63K1k69JuBg92kwRXCPQAW,audio_features,spotify:track:63K1k69JuBg92kwRXCPQAW,0.701,1,My_Songs
0.572,https://api.spotify.com/v1/audio-analysis/6r46y35C9NDlVwPOBeZ7FR,0.733,225977,0.771,6r46y35C9NDlVwPOBeZ7FR,0,5,0.713,-6.321,0,0.303,94.719,4,https://api.spotify.com/v1/tracks/6r46y35C9NDlVwPOBeZ7FR,audio_features,spotify:track:6r46y35C9NDlVwPOBeZ7FR,0.693,1,My_Songs
0.0968,https://api.spotify.com/v1/audio-analysis/3s9jPtOqkK1py1haxECjJv,0.729,189787,0.681,3s9jPtOqkK1py1haxECjJv,0,10,0.121,-7.523,0,0.168,93.028,4,https://api.spotify.com/v1/tracks/3s9jPtOqkK1py1haxECjJv,audio_features,spotify:track:3s9jPtOqkK1py1haxECjJv,0.143,1,My_Songs
0.021,https://api.spotify.com/v1/audio-analysis/6UVZL3vR2KybX3RvsjzugO,0.799,204240,0.638,6UVZL3vR2KybX3RvsjzugO,0.00376,9,0.0482,-6.536,1,0.149,96.995,4,https://api.spotify.com/v1/tracks/6UVZL3vR2KybX3RvsjzugO,audio_features,spotify:track:6UVZL3vR2KybX3RvsjzugO,0.919,1,My_Songs
0.024,https://api.spotify.com/v1/audio-analysis/6QGTe3GB1dPBGUhATf4oSP,0.779,247501,0.686,6QGTe3GB1dPBGUhATf4oSP,0.673,10,0.106,-6.776,1,0.0572,126.032,4,https://api.spotify.com/v1/tracks/6QGTe3GB1dPBGUhATf4oSP,audio_features,spotify:track:6QGTe3GB1dPBGUhATf4oSP,0.454,1,My_Songs
0.322,https://api.spotify.com/v1/audio-analysis/2cHFYnLQ9wNuZa0hYR1SIP,0.783,189960,0.887,2cHFYnLQ9wNuZa0hYR1SIP,0.0000134,1,0.0595,-4.489,1,0.198,99.931,4,https://api.spotify.com/v1/tracks/2cHFYnLQ9wNuZa0hYR1SIP,audio_features,spotify:track:2cHFYnLQ9wNuZa0hYR1SIP,0.878,1,My_Songs
0.00178,https://api.spotify.com/v1/audio-analysis/3y9xW3tTyqUPZjGPofcZPx,0.594,225376,0.503,3y9xW3tTyqUPZjGPofcZPx,0.00514,8,0.154,-6.408,1,0.044,139.978,4,https://api.spotify.com/v1/tracks/3y9xW3tTyqUPZjGPofcZPx,audio_features,spotify:track:3y9xW3tTyqUPZjGPofcZPx,0.362,1,My_Songs
0.508,https://api.spotify.com/v1/audio-analysis/3jqkoZDcaYsrgkp94STBPa,0.605,263430,0.756,3jqkoZDcaYsrgkp94STBPa,0.00321,8,0.161,-6.15,1,0.276,85.118,4,https://api.spotify.com/v1/tracks/3jqkoZDcaYsrgkp94STBPa,audio_features,spotify:track:3jqkoZDcaYsrgkp94STBPa,0.298,1,My_Songs
0.708,https://api.spotify.com/v1/audio-analysis/51eT3kUgte0Ve1lvqyUxbZ,0.822,113490,0.826,51eT3kUgte0Ve1lvqyUxbZ,0,7,0.0828,-5.911,1,0.316,140.214,4,https://api.spotify.com/v1/tracks/51eT3kUgte0Ve1lvqyUxbZ,audio_features,spotify:track:51eT3kUgte0Ve1lvqyUxbZ,0.491,1,My_Songs
0.153,https://api.spotify.com/v1/audio-analysis/3MxIlabhpddUiecrmB1OnW,0.596,253965,0.683,3MxIlabhpddUiecrmB1OnW,0.18,5,0.149,-6.032,0,0.0605,100.955,1,https://api.spotify.com/v1/tracks/3MxIlabhpddUiecrmB1OnW,audio_features,spotify:track:3MxIlabhpddUiecrmB1OnW,0.0893,1,My_Songs
0.0822,https://api.spotify.com/v1/audio-analysis/3pSql1Id2T67UHfHNxyCYO,0.793,168733,0.58,3pSql1Id2T67UHfHNxyCYO,0.502,6,0.132,-7.321,0,0.0778,91.044,4,https://api.spotify.com/v1/tracks/3pSql1Id2T67UHfHNxyCYO,audio_features,spotify:track:3pSql1Id2T67UHfHNxyCYO,0.405,1,My_Songs
0.0124,https://api.spotify.com/v1/audio-analysis/6zifEsqLTN5ODMd2iwpJ7s,0.501,256227,0.697,6zifEsqLTN5ODMd2iwpJ7s,0.256,8,0.137,-8.189,1,0.347,178.196,4,https://api.spotify.com/v1/tracks/6zifEsqLTN5ODMd2iwpJ7s,audio_features,spotify:track:6zifEsqLTN5ODMd2iwpJ7s,0.389,1,My_Songs
0.0407,https://api.spotify.com/v1/audio-analysis/4AKRYDror3CkKVc7QscUng,0.838,222500,0.486,4AKRYDror3CkKVc7QscUng,0,2,0.0576,-7.334,1,0.326,95.93,4,https://api.spotify.com/v1/tracks/4AKRYDror3CkKVc7QscUng,audio_features,spotify:track:4AKRYDror3CkKVc7QscUng,0.826,1,My_Songs
0.499,https://api.spotify.com/v1/audio-analysis/186zaNnmj5UxcFNP2Irw5k,0.694,197667,0.708,186zaNnmj5UxcFNP2Irw5k,0,7,0.1,-6.015,1,0.409,87.091,4,https://api.spotify.com/v1/tracks/186zaNnmj5UxcFNP2Irw5k,audio_features,spotify:track:186zaNnmj5UxcFNP2Irw5k,0.844,0,Spark ML Disliked songs
0.0412,https://api.spotify.com/v1/audio-analysis/4Kmle6OEksQYgGQvMz8Loz,0.755,136271,0.511,4Kmle6OEksQYgGQvMz8Loz,0.000615,2,0.337,-9.092,1,0.388,79.701,4,https://api.spotify.com/v1/tracks/4Kmle6OEksQYgGQvMz8Loz,audio_features,spotify:track:4Kmle6OEksQYgGQvMz8Loz,0.554,0,Spark ML Disliked songs
0.0203,https://api.spotify.com/v1/audio-analysis/1T5zygqjtFJYwbChr4fs02,0.896,268678,0.438,1T5zygqjtFJYwbChr4fs02,0.215,10,0.13,-9.49,1,0.0548,115.028,4,https://api.spotify.com/v1/tracks/1T5zygqjtFJYwbChr4fs02,audio_features,spotify:track:1T5zygqjtFJYwbChr4fs02,0.357,0,Spark ML Disliked songs
0.359,https://api.spotify.com/v1/audio-analysis/7ApJUtE5CQNRsVFxz28Fez,0.707,213054,0.51,7ApJUtE5CQNRsVFxz28Fez,0.0000695,2,0.281,-7.755,0,0.0493,89.967,4,https://api.spotify.com/v1/tracks/7ApJUtE5CQNRsVFxz28Fez,audio_features,spotify:track:7ApJUtE5CQNRsVFxz28Fez,0.637,0,Spark ML Disliked songs
0.000155,https://api.spotify.com/v1/audio-analysis/7fcfNW0XxTWlwVlftzfDOR,0.43,315120,0.704,7fcfNW0XxTWlwVlftzfDOR,0.00221,1,0.0933,-8.008,0,0.0804,118.242,4,https://api.spotify.com/v1/tracks/7fcfNW0XxTWlwVlftzfDOR,audio_features,spotify:track:7fcfNW0XxTWlwVlftzfDOR,0.684,0,Spark ML Disliked songs
0.00437,https://api.spotify.com/v1/audio-analysis/2SgbR6ttzoNlCRGQOKjrop,0.415,243533,0.908,2SgbR6ttzoNlCRGQOKjrop,0.0345,2,0.082,-9.701,1,0.0765,114.816,4,https://api.spotify.com/v1/tracks/2SgbR6ttzoNlCRGQOKjrop,audio_features,spotify:track:2SgbR6ttzoNlCRGQOKjrop,0.441,0,Spark ML Disliked songs
0.000212,https://api.spotify.com/v1/audio-analysis/4vJr55lngvhSM8WIh9CjQc,0.274,422933,0.726,4vJr55lngvhSM8WIh9CjQc,0.0113,9,0.0993,-11.541,1,0.0449,146.449,4,https://api.spotify.com/v1/tracks/4vJr55lngvhSM8WIh9CjQc,audio_features,spotify:track:4vJr55lngvhSM8WIh9CjQc,0.412,0,Spark ML Disliked songs
0.000594,https://api.spotify.com/v1/audio-analysis/2M5WTwqnkyz7bW6P1CiD6q,0.419,264800,0.878,2M5WTwqnkyz7bW6P1CiD6q,0.559,7,0.139,-6.352,1,0.0553,147.385,4,https://api.spotify.com/v1/tracks/2M5WTwqnkyz7bW6P1CiD6q,audio_features,spotify:track:2M5WTwqnkyz7bW6P1CiD6q,0.672,0,Spark ML Disliked songs
0.171,https://api.spotify.com/v1/audio-analysis/1FShSStnXzldEdsQqJSq5v,0.766,241936,0.782,1FShSStnXzldEdsQqJSq5v,0,6,0.0639,-3.362,0,0.166,90.065,4,https://api.spotify.com/v1/tracks/1FShSStnXzldEdsQqJSq5v,audio_features,spotify:track:1FShSStnXzldEdsQqJSq5v,0.666,0,Spark ML Disliked songs
0.000608,https://api.spotify.com/v1/audio-analysis/6NwbeybX6TDtXlpXvnUOZC,0.538,516293,0.872,6NwbeybX6TDtXlpXvnUOZC,0.573,4,0.0946,-7.658,0,0.0361,105.102,4,https://api.spotify.com/v1/tracks/6NwbeybX6TDtXlpXvnUOZC,audio_features,spotify:track:6NwbeybX6TDtXlpXvnUOZC,0.588,0,Spark ML Disliked songs
0.0229,https://api.spotify.com/v1/audio-analysis/22AbXxQbMdVqEz7xJjhccG,0.84,213200,0.658,22AbXxQbMdVqEz7xJjhccG,0,7,0.342,-6.496,0,0.333,76.638,4,https://api.spotify.com/v1/tracks/22AbXxQbMdVqEz7xJjhccG,audio_features,spotify:track:22AbXxQbMdVqEz7xJjhccG,0.726,0,Spark ML Disliked songs
0.0000563,https://api.spotify.com/v1/audio-analysis/04EtBLFIxbcVt9NdYgcrpF,0.512,220880,0.996,04EtBLFIxbcVt9NdYgcrpF,0.000167,2,0.347,-2.1,1,0.114,130.931,4,https://api.spotify.com/v1/tracks/04EtBLFIxbcVt9NdYgcrpF,audio_features,spotify:track:04EtBLFIxbcVt9NdYgcrpF,0.0621,0,Spark ML Disliked songs
0.0187,https://api.spotify.com/v1/audio-analysis/61nSbxyL6VRPp32AMscxiF,0.465,289467,0.903,61nSbxyL6VRPp32AMscxiF,0.00114,9,0.348,-4.628,1,0.0587,137.272,4,https://api.spotify.com/v1/tracks/61nSbxyL6VRPp32AMscxiF,audio_features,spotify:track:61nSbxyL6VRPp32AMscxiF,0.601,0,Spark ML Disliked songs
0.00404,https://api.spotify.com/v1/audio-analysis/0Jy2S50dmRT3te5OeCEARx,0.61,222773,0.948,0Jy2S50dmRT3te5OeCEARx,0.0978,9,0.042,-4.938,1,0.113,144.036,4,https://api.spotify.com/v1/tracks/0Jy2S50dmRT3te5OeCEARx,audio_features,spotify:track:0Jy2S50dmRT3te5OeCEARx,0.792,0,Spark ML Disliked songs
0.000104,https://api.spotify.com/v1/audio-analysis/4QEFQlNFerDnWvNU8NASiV,0.591,222726,0.966,4QEFQlNFerDnWvNU8NASiV,0.000103,0,0.0922,-6.444,0,0.0529,125.056,4,https://api.spotify.com/v1/tracks/4QEFQlNFerDnWvNU8NASiV,audio_features,spotify:track:4QEFQlNFerDnWvNU8NASiV,0.559,0,Spark ML Disliked songs
0.422,https://api.spotify.com/v1/audio-analysis/113aqjGAJc4rw7x3ENGUlC,0.689,207989,0.768,113aqjGAJc4rw7x3ENGUlC,0.00221,5,0.0897,-4.776,0,0.0373,77.514,4,https://api.spotify.com/v1/tracks/113aqjGAJc4rw7x3ENGUlC,audio_features,spotify:track:113aqjGAJc4rw7x3ENGUlC,0.686,0,Spark ML Disliked songs
0.209,https://api.spotify.com/v1/audio-analysis/0mCwBeActwACXBFNHtqdzL,0.68,164780,0.556,0mCwBeActwACXBFNHtqdzL,0.112,1,0.195,-6.87,1,0.0345,100.039,4,https://api.spotify.com/v1/tracks/0mCwBeActwACXBFNHtqdzL,audio_features,spotify:track:0mCwBeActwACXBFNHtqdzL,0.682,0,Spark ML Disliked songs
0.00502,https://api.spotify.com/v1/audio-analysis/2miAut6dp9BWdGmOxwSGEC,0.39,293293,0.642,2miAut6dp9BWdGmOxwSGEC,0.565,8,0.296,-5.266,1,0.0326,92.397,4,https://api.spotify.com/v1/tracks/2miAut6dp9BWdGmOxwSGEC,audio_features,spotify:track:2miAut6dp9BWdGmOxwSGEC,0.121,0,Spark ML Disliked songs
0.000658,https://api.spotify.com/v1/audio-analysis/6p2liQLGoDaLXgND68bfVt,0.687,199773,0.677,6p2liQLGoDaLXgND68bfVt,0.000146,2,0.0564,-4.172,1,0.0508,75.052,4,https://api.spotify.com/v1/tracks/6p2liQLGoDaLXgND68bfVt,audio_features,spotify:track:6p2liQLGoDaLXgND68bfVt,0.576,0,Spark ML Disliked songs
0.204,https://api.spotify.com/v1/audio-analysis/6JKoTnberZoBgUuxa6l4Kh,0.619,277240,0.742,6JKoTnberZoBgUuxa6l4Kh,0,1,0.166,-6.995,1,0.496,144.602,4,https://api.spotify.com/v1/tracks/6JKoTnberZoBgUuxa6l4Kh,audio_features,spotify:track:6JKoTnberZoBgUuxa6l4Kh,0.784,0,Spark ML Disliked songs
0.479,https://api.spotify.com/v1/audio-analysis/47A4a2ZxJaZz5nBME2HtXs,0.645,250640,0.589,47A4a2ZxJaZz5nBME2HtXs,0.158,8,0.0924,-6.171,1,0.173,89.971,4,https://api.spotify.com/v1/tracks/47A4a2ZxJaZz5nBME2HtXs,audio_features,spotify:track:47A4a2ZxJaZz5nBME2HtXs,0.623,0,Spark ML Disliked songs
0.196,https://api.spotify.com/v1/audio-analysis/7KKW3MSfqCCai76gKSZEco,0.681,187747,0.265,7KKW3MSfqCCai76gKSZEco,0.0822,10,0.126,-11.691,1,0.245,73.011,4,https://api.spotify.com/v1/tracks/7KKW3MSfqCCai76gKSZEco,audio_features,spotify:track:7KKW3MSfqCCai76gKSZEco,0.174,0,Spark ML Disliked songs
0.167,https://api.spotify.com/v1/audio-analysis/75kiQfmmuQwgquZ9RLSvuA,0.726,158760,0.565,75kiQfmmuQwgquZ9RLSvuA,0,1,0.262,-5.564,0,0.363,133.036,4,https://api.spotify.com/v1/tracks/75kiQfmmuQwgquZ9RLSvuA,audio_features,spotify:track:75kiQfmmuQwgquZ9RLSvuA,0.599,0,Spark ML Disliked songs
0.0557,https://api.spotify.com/v1/audio-analysis/60b6B2ULC85t4Y5IjZvP7A,0.742,166347,0.93,60b6B2ULC85t4Y5IjZvP7A,0.00025,11,0.272,-7.207,1,0.0977,129.986,4,https://api.spotify.com/v1/tracks/60b6B2ULC85t4Y5IjZvP7A,audio_features,spotify:track:60b6B2ULC85t4Y5IjZvP7A,0.968,0,Spark ML Disliked songs
0.2,https://api.spotify.com/v1/audio-analysis/0NjW4SKY3gbfl2orl1p8hr,0.36,319253,0.716,0NjW4SKY3gbfl2orl1p8hr,0,7,0.581,-6.181,1,0.34,86.001,4,https://api.spotify.com/v1/tracks/0NjW4SKY3gbfl2orl1p8hr,audio_features,spotify:track:0NjW4SKY3gbfl2orl1p8hr,0.272,0,Spark ML Disliked songs
0.191,https://api.spotify.com/v1/audio-analysis/3w23sQ5FSzCKEviFYf0nSQ,0.754,241224,0.556,3w23sQ5FSzCKEviFYf0nSQ,0,8,0.0987,-7.114,1,0.355,120.859,4,https://api.spotify.com/v1/tracks/3w23sQ5FSzCKEviFYf0nSQ,audio_features,spotify:track:3w23sQ5FSzCKEviFYf0nSQ,0.432,0,Spark ML Disliked songs
0.13,https://api.spotify.com/v1/audio-analysis/7wwifjNAb172PtDpKK3CoR,0.472,234215,0.457,7wwifjNAb172PtDpKK3CoR,0,6,0.0975,-7.23,0,0.336,165.969,4,https://api.spotify.com/v1/tracks/7wwifjNAb172PtDpKK3CoR,audio_features,spotify:track:7wwifjNAb172PtDpKK3CoR,0.644,0,Spark ML Disliked songs
0.0426,https://api.spotify.com/v1/audio-analysis/6ZFTDpXIMCbjIWiwHUzsoA,0.739,222147,0.564,6ZFTDpXIMCbjIWiwHUzsoA,0,1,0.117,-5.73,1,0.188,164.045,4,https://api.spotify.com/v1/tracks/6ZFTDpXIMCbjIWiwHUzsoA,audio_features,spotify:track:6ZFTDpXIMCbjIWiwHUzsoA,0.254,0,Spark ML Disliked songs
0.016,https://api.spotify.com/v1/audio-analysis/4OKXvqtfwlvY2fYJ2lzHPH,0.712,249333,0.759,4OKXvqtfwlvY2fYJ2lzHPH,0.0808,11,0.217,-5.397,1,0.334,79.103,4,https://api.spotify.com/v1/tracks/4OKXvqtfwlvY2fYJ2lzHPH,audio_features,spotify:track:4OKXvqtfwlvY2fYJ2lzHPH,0.738,0,Spark ML Disliked songs
0.0209,https://api.spotify.com/v1/audio-analysis/2IgiZUTIOalivIqkCNzLvr,0.383,281209,0.689,2IgiZUTIOalivIqkCNzLvr,0.0000191,6,0.173,-6.616,0,0.556,82.603,4,https://api.spotify.com/v1/tracks/2IgiZUTIOalivIqkCNzLvr,audio_features,spotify:track:2IgiZUTIOalivIqkCNzLvr,0.249,0,Spark ML Disliked songs
0.0152,https://api.spotify.com/v1/audio-analysis/0mbExE0mxdBwcVbUgC9Wea,0.446,291807,0.512,0mbExE0mxdBwcVbUgC9Wea,0.866,8,0.0899,-6.916,0,0.078,98.027,4,https://api.spotify.com/v1/tracks/0mbExE0mxdBwcVbUgC9Wea,audio_features,spotify:track:0mbExE0mxdBwcVbUgC9Wea,0.151,0,Spark ML Disliked songs
0.028,https://api.spotify.com/v1/audio-analysis/4gSD8BvlnbwjNpaPQtCGw9,0.763,214627,0.754,4gSD8BvlnbwjNpaPQtCGw9,0.923,9,0.129,-9.768,1,0.208,104.036,4,https://api.spotify.com/v1/tracks/4gSD8BvlnbwjNpaPQtCGw9,audio_features,spotify:track:4gSD8BvlnbwjNpaPQtCGw9,0.399,0,Spark ML Disliked songs
0.00228,https://api.spotify.com/v1/audio-analysis/2MvIMgtWyK88OiPi0J8Dg3,0.572,283813,0.99,2MvIMgtWyK88OiPi0J8Dg3,0.0025,2,0.0266,-1.882,1,0.104,135.146,4,https://api.spotify.com/v1/tracks/2MvIMgtWyK88OiPi0J8Dg3,audio_features,spotify:track:2MvIMgtWyK88OiPi0J8Dg3,0.313,0,Spark ML Disliked songs
0.00635,https://api.spotify.com/v1/audio-analysis/51YZAJhOwIC5Gg3jMbAmhZ,0.518,309973,0.858,51YZAJhOwIC5Gg3jMbAmhZ,0.00494,0,0.0652,-6.146,1,0.0685,117.909,4,https://api.spotify.com/v1/tracks/51YZAJhOwIC5Gg3jMbAmhZ,audio_features,spotify:track:51YZAJhOwIC5Gg3jMbAmhZ,0.244,0,Spark ML Disliked songs
0.00117,https://api.spotify.com/v1/audio-analysis/2uenkeJMEfGmjebYnewnlE,0.234,215693,0.994,2uenkeJMEfGmjebYnewnlE,0.0169,8,0.167,-3.659,1,0.229,95.052,4,https://api.spotify.com/v1/tracks/2uenkeJMEfGmjebYnewnlE,audio_features,spotify:track:2uenkeJMEfGmjebYnewnlE,0.0607,0,Spark ML Disliked songs
0.0657,https://api.spotify.com/v1/audio-analysis/6OXCUWOYYe08ZboQ0dANL2,0.946,257480,0.445,6OXCUWOYYe08ZboQ0dANL2,0.0000796,2,0.047,-9.684,0,0.103,129.931,4,https://api.spotify.com/v1/tracks/6OXCUWOYYe08ZboQ0dANL2,audio_features,spotify:track:6OXCUWOYYe08ZboQ0dANL2,0.743,0,Spark ML Disliked songs
0.265,https://api.spotify.com/v1/audio-analysis/3qbMJ3kVYYPKRKZ0U2CE5m,0.852,199649,0.458,3qbMJ3kVYYPKRKZ0U2CE5m,0.000253,10,0.146,-9.267,0,0.256,105.003,4,https://api.spotify.com/v1/tracks/3qbMJ3kVYYPKRKZ0U2CE5m,audio_features,spotify:track:3qbMJ3kVYYPKRKZ0U2CE5m,0.605,0,Spark ML Disliked songs
0.00136,https://api.spotify.com/v1/audio-analysis/0FEGHZCilof5RDvFPPhNsD,0.511,293278,0.832,0FEGHZCilof5RDvFPPhNsD,0.0187,0,0.4,-7.799,1,0.0408,103.656,4,https://api.spotify.com/v1/tracks/0FEGHZCilof5RDvFPPhNsD,audio_features,spotify:track:0FEGHZCilof5RDvFPPhNsD,0.783,0,Spark ML Disliked songs
0.158,https://api.spotify.com/v1/audio-analysis/55frPzCdPGjCIZF3oZVFCV,0.737,316880,0.863,55frPzCdPGjCIZF3oZVFCV,0.00107,11,0.367,-9.703,1,0.0421,122.995,4,https://api.spotify.com/v1/tracks/55frPzCdPGjCIZF3oZVFCV,audio_features,spotify:track:55frPzCdPGjCIZF3oZVFCV,0.822,0,Spark ML Disliked songs
0.9,https://api.spotify.com/v1/audio-analysis/4ivoJtqjzsHvO0tVp14OpQ,0.845,168320,0.325,4ivoJtqjzsHvO0tVp14OpQ,0.433,7,0.111,-16.658,1,0.0509,116.006,4,https://api.spotify.com/v1/tracks/4ivoJtqjzsHvO0tVp14OpQ,audio_features,spotify:track:4ivoJtqjzsHvO0tVp14OpQ,0.937,0,Spark ML Disliked songs
0.141,https://api.spotify.com/v1/audio-analysis/400qHtiq24zJtjXgYndoWL,0.643,246799,0.883,400qHtiq24zJtjXgYndoWL,0.944,2,0.217,-6.157,1,0.0303,102.016,4,https://api.spotify.com/v1/tracks/400qHtiq24zJtjXgYndoWL,audio_features,spotify:track:400qHtiq24zJtjXgYndoWL,0.422,0,Spark ML Disliked songs
0.516,https://api.spotify.com/v1/audio-analysis/2Wd4Yu2RtYZjSmzLLaghNZ,0.535,239933,0.482,2Wd4Yu2RtYZjSmzLLaghNZ,0,0,0.139,-11.074,1,0.066,101.897,4,https://api.spotify.com/v1/tracks/2Wd4Yu2RtYZjSmzLLaghNZ,audio_features,spotify:track:2Wd4Yu2RtYZjSmzLLaghNZ,0.433,0,Spark ML Disliked songs
0.108,https://api.spotify.com/v1/audio-analysis/20eBaxqAuFPdtI8HHBEI2T,0.318,252160,0.396,20eBaxqAuFPdtI8HHBEI2T,0,5,0.359,-12.478,1,0.033,85.299,4,https://api.spotify.com/v1/tracks/20eBaxqAuFPdtI8HHBEI2T,audio_features,spotify:track:20eBaxqAuFPdtI8HHBEI2T,0.489,0,Spark ML Disliked songs
0.00221,https://api.spotify.com/v1/audio-analysis/0VLXNg5Eoq6uv9Yn1Tz8WE,0.676,284107,0.839,0VLXNg5Eoq6uv9Yn1Tz8WE,0.135,9,0.307,-11.408,1,0.0459,126.581,4,https://api.spotify.com/v1/tracks/0VLXNg5Eoq6uv9Yn1Tz8WE,audio_features,spotify:track:0VLXNg5Eoq6uv9Yn1Tz8WE,0.897,0,Spark ML Disliked songs
0.256,https://api.spotify.com/v1/audio-analysis/3QPKkP40zmc6xBtJMrXSNi,0.351,253387,0.622,3QPKkP40zmc6xBtJMrXSNi,0.0000344,8,0.613,-6.495,0,0.235,83.375,4,https://api.spotify.com/v1/tracks/3QPKkP40zmc6xBtJMrXSNi,audio_features,spotify:track:3QPKkP40zmc6xBtJMrXSNi,0.452,0,Spark ML Disliked songs
0.0000322,https://api.spotify.com/v1/audio-analysis/0dpbemM98PCrNA4P1eXkMf,0.339,255333,0.891,0dpbemM98PCrNA4P1eXkMf,0.115,2,0.388,-6.527,1,0.0522,102.925,4,https://api.spotify.com/v1/tracks/0dpbemM98PCrNA4P1eXkMf,audio_features,spotify:track:0dpbemM98PCrNA4P1eXkMf,0.548,0,Spark ML Disliked songs
0.451,https://api.spotify.com/v1/audio-analysis/5Yqw9lGTbrqeoYLmSYirov,0.696,248800,0.707,5Yqw9lGTbrqeoYLmSYirov,0.00000802,3,0.0909,-6.285,1,0.0252,115.053,4,https://api.spotify.com/v1/tracks/5Yqw9lGTbrqeoYLmSYirov,audio_features,spotify:track:5Yqw9lGTbrqeoYLmSYirov,0.819,0,Spark ML Disliked songs
0.753,https://api.spotify.com/v1/audio-analysis/4VvTGipG8YaF09z0kfGqaD,0.565,245667,0.557,4VvTGipG8YaF09z0kfGqaD,0,5,0.135,-9.605,0,0.0474,125.216,4,https://api.spotify.com/v1/tracks/4VvTGipG8YaF09z0kfGqaD,audio_features,spotify:track:4VvTGipG8YaF09z0kfGqaD,0.392,0,Spark ML Disliked songs
0.389,https://api.spotify.com/v1/audio-analysis/4ewSyQMs4RZQzzsbm0oHXe,0.632,197773,0.518,4ewSyQMs4RZQzzsbm0oHXe,0,5,0.136,-10.542,1,0.0472,124.795,4,https://api.spotify.com/v1/tracks/4ewSyQMs4RZQzzsbm0oHXe,audio_features,spotify:track:4ewSyQMs4RZQzzsbm0oHXe,0.741,0,Spark ML Disliked songs
0.77,https://api.spotify.com/v1/audio-analysis/5okI57GiUG0innS360o2bH,0.311,143027,0.343,5okI57GiUG0innS360o2bH,0.00000182,0,0.136,-10.186,1,0.0299,100.551,4,https://api.spotify.com/v1/tracks/5okI57GiUG0innS360o2bH,audio_features,spotify:track:5okI57GiUG0innS360o2bH,0.419,0,Spark ML Disliked songs
0.0472,https://api.spotify.com/v1/audio-analysis/2hgzdQdnfWwtdpZbhZlV72,0.757,218235,0.678,2hgzdQdnfWwtdpZbhZlV72,0.00000914,8,0.0654,-5.529,0,0.233,120.075,4,https://api.spotify.com/v1/tracks/2hgzdQdnfWwtdpZbhZlV72,audio_features,spotify:track:2hgzdQdnfWwtdpZbhZlV72,0.815,0,Spark ML Disliked songs
0.621,https://api.spotify.com/v1/audio-analysis/06KyNuuMOX1ROXRhj787tj,0.728,217707,0.563,06KyNuuMOX1ROXRhj787tj,0,1,0.179,-8.053,0,0.134,100.017,4,https://api.spotify.com/v1/tracks/06KyNuuMOX1ROXRhj787tj,audio_features,spotify:track:06KyNuuMOX1ROXRhj787tj,0.35,0,Spark ML Disliked songs
0.0147,https://api.spotify.com/v1/audio-analysis/5MuRWFWdrsVqGk7cDekNWT,0.698,183320,0.843,5MuRWFWdrsVqGk7cDekNWT,0,6,0.335,-6.921,0,0.122,114.919,4,https://api.spotify.com/v1/tracks/5MuRWFWdrsVqGk7cDekNWT,audio_features,spotify:track:5MuRWFWdrsVqGk7cDekNWT,0.556,0,Spark ML Disliked songs
0.132,https://api.spotify.com/v1/audio-analysis/6aEYqZL8uKzGYl3EK8lYjo,0.456,187973,0.817,6aEYqZL8uKzGYl3EK8lYjo,0,1,0.104,-4.051,1,0.355,163.252,4,https://api.spotify.com/v1/tracks/6aEYqZL8uKzGYl3EK8lYjo,audio_features,spotify:track:6aEYqZL8uKzGYl3EK8lYjo,0.757,0,Spark ML Disliked songs
0.338,https://api.spotify.com/v1/audio-analysis/5MFzQMkrl1FOOng9tq6R9r,0.783,214480,0.623,5MFzQMkrl1FOOng9tq6R9r,0,7,0.0975,-6.126,1,0.08,100.048,4,https://api.spotify.com/v1/tracks/5MFzQMkrl1FOOng9tq6R9r,audio_features,spotify:track:5MFzQMkrl1FOOng9tq6R9r,0.447,0,Spark ML Disliked songs
0.0316,https://api.spotify.com/v1/audio-analysis/6wZ8kvKP9d1MKlNFTMZrBK,0.774,246240,0.739,6wZ8kvKP9d1MKlNFTMZrBK,0.00000595,0,0.119,-4.022,1,0.0952,126.002,4,https://api.spotify.com/v1/tracks/6wZ8kvKP9d1MKlNFTMZrBK,audio_features,spotify:track:6wZ8kvKP9d1MKlNFTMZrBK,0.816,0,Spark ML Disliked songs
0.255,https://api.spotify.com/v1/audio-analysis/4dASQiO1Eoo3RJvt74FtXB,0.502,243491,0.786,4dASQiO1Eoo3RJvt74FtXB,0,9,0.65,-4.378,0,0.317,169.021,4,https://api.spotify.com/v1/tracks/4dASQiO1Eoo3RJvt74FtXB,audio_features,spotify:track:4dASQiO1Eoo3RJvt74FtXB,0.734,0,Spark ML Disliked songs
0.0123,https://api.spotify.com/v1/audio-analysis/6JV2JOEocMgcZxYSZelKcc,0.667,236002,0.83,6JV2JOEocMgcZxYSZelKcc,0,0,0.191,-5.715,1,0.0749,113.03,4,https://api.spotify.com/v1/tracks/6JV2JOEocMgcZxYSZelKcc,audio_features,spotify:track:6JV2JOEocMgcZxYSZelKcc,0.716,0,Spark ML Disliked songs
0.0398,https://api.spotify.com/v1/audio-analysis/4QdovcM8j50QPlyR7tH4xe,0.693,218480,0.65,4QdovcM8j50QPlyR7tH4xe,0,1,0.186,-8.376,1,0.192,85.026,4,https://api.spotify.com/v1/tracks/4QdovcM8j50QPlyR7tH4xe,audio_features,spotify:track:4QdovcM8j50QPlyR7tH4xe,0.661,0,Spark ML Disliked songs
0.014,https://api.spotify.com/v1/audio-analysis/4qqArAiTPueDxIp7cf87h7,0.695,235827,0.672,4qqArAiTPueDxIp7cf87h7,0.0000844,1,0.0756,-6.109,0,0.0345,104.988,4,https://api.spotify.com/v1/tracks/4qqArAiTPueDxIp7cf87h7,audio_features,spotify:track:4qqArAiTPueDxIp7cf87h7,0.272,0,Spark ML Disliked songs
